,id,tid,content,liketimes,updated_at
0,159017,49244,4月21日在评论区随机抽两名用户送出“新出行限量版-激光雷达擦车毛巾”各一张,2,2022-04-18
1,159761,49244,期待G9早点上市,0,2022-04-19
2,159546,49244,希望价格不要超过40,0,2022-04-19
3,159410,49244,看着 真不错  不过G9的外观有点 受这个家族前脸的束缚了,0,2022-04-19
4,159373,49244,还是希望有6座啊，显然更实用！（顺便抽奖）,0,2022-04-19
5,159240,49244,新能源汽车就像手机，每一款发布刚面世的时候都很吸引人，只能说早买早享受吧。因为后面的会更好。,0,2022-04-19
6,159238,49244,五米的大五座，后排可以打球了,0,2022-04-19
7,159185,49244,"做个梦：外观中控审美深得我意{:眯眼看:}买买买！
梦醒后：看了看自己的钱包，对不起打扰了，下辈子我肯定买{:奸笑:}",0,2022-04-19
8,159162,49244,咦我记得之前不说回复过了 不配天地门了么 我记错了？,1,2022-04-19
9,159141,49244,G9还是很香的，车机好，价格适中，NGP经过验证，没有特别突出的缺点，作为XX品牌车主快被车机整经常骂街了,0,2022-04-19
10,157772,48968,大佬，问一下，创世版的地盘表现比老款有提升么，能否有效的抑制多余抖动,0,2022-04-15
11,157474,48968,辅助驾驶会跑偏吗？,0,2022-04-14
12,157301,48968,要是内饰好看一点就好了,0,2022-04-13
13,157053,48968,HUD是好东西，用过都说好,0,2022-04-13
14,157034,48968,这个车是单电机尊荣还是旗舰？,0,2022-04-13
15,157026,48968,汉EV715公里是NEDC续航！如果是CLTC续航，都会有标注（CLTC）的！,1,2022-04-20
16,157009,48968,高速超车性能如何？上了一百公里动力会不会不够用？,0,2022-04-13
17,157007,48968,选了棕色运动{:眯眼看:},0,2022-04-13
18,156994,48968,是顶配才能车头汉字标常亮吗？我看的顶配加选装包展车，开示廓灯就能常亮。,0,2022-04-13
19,156972,48968,辅助驾驶体验了吗，有改进吗,0,2022-04-13
20,159630,48909,只看内饰的话还以为是哪个德国老厂的百万豪车，做的真精致啊，太漂亮了,0,2022-04-19
21,159629,48909,细节做工不错，缝线、边缘打磨、缝隙都挺好，考虑40万的售价，物超所值啊,0,2022-04-19
22,159627,48909,原来方向盘的安检有震动反馈啊，我还一直担心触摸操控会不会不好用，是我多虑了,0,2022-04-19
23,159626,48909,这个色调的内饰看着真舒服，比纯白或者黑色的都要好看，有种温馨的感觉,0,2022-04-19
24,159625,48909,近距离看这四块大屏，那是真的大啊，多功能方向盘的按键有浅浅的凹陷，手感应该不错,0,2022-04-19
25,159586,48909,这个大黑边真实可以停航母模型了，这种带鱼屏的实际可用面积太小了，至今印象最深的还是拜腾的48寸超大屏幕,1,2022-04-19
26,159524,48909,自适应无线充，升降扬声器，运动中控大屏等运动结构技术领先制造商13728962933,0,2022-04-19
27,158989,48909,这内饰设计👍，各种细节很棒啊！还有特欣赏显示屏的UI，整体风格、色调、显示效果都很棒👍。之前还觉得L7定价40+是不是有些飘，目前看来，还是值回票价的。个人估计L7纯产品力是够作为爆款的，目前就内饰设计而言，同价位或高一倍左右都没有这效果（愚见😂）。大胆猜想：上汽背书，结合政府新能源导向，可能主攻行政商务用车，以取代A6L等。前景广阔啊！,1,2022-04-19
28,158971,48909,满满的科技感加上各种扎实的用料，感觉挺不错，评测写的也丰富通俗易懂，同样也希望上海疫情赶紧过去，大家都能复工复产！,0,2022-04-18
29,158970,48909,座舱布局是可以的我觉得，看起来材质也可以，就是这个方向盘我觉得怪怪的，整体的还可以。,0,2022-04-18
30,156319,48742,希望唐也可以选运动座椅，什么都只有汉有，太不公平了{:抽烟:},0,2022-04-11
31,156220,48742,感谢楼主分享{:加油:},0,2022-04-10
32,155936,48742,挑个错:“当低电量或大功率需求时会起发动机进入串联直驱模式或并联增程模式”,0,2022-04-09
33,155788,48742,还是三连杆吗。哎。期待下一代,0,2022-04-08
34,155748,48742,希望下次能测一下顶着限速开,0,2022-04-08
35,155721,48742,视频呢？,0,2022-04-08
36,155720,48742,前面写的尊荣版，图片怎么全是碳纤维呢？,0,2022-04-08
37,155715,48742,还是三连杆啊,0,2022-04-08
38,155710,48742,后排一体运动座椅也是全平的吗，还是中间座位会有些凸起？,0,2022-04-08
39,155682,48742,2022款唐dmi 除了配置，要是有汉的长度和轴距就好了，要不然第三排太尴尬了,0,2022-04-08
40,156307,48594,运作座椅真是错误的选择，汉之前以豪华商务定位更准确。智己L7本来是豪华智能，改成了运动驾控，哎,0,2022-04-11
41,156305,48594,新款汉ev的外观真是没老款好看,0,2022-04-11
42,156241,48594,EV前脸比DMi前脸好看,0,2022-04-10
43,155527,48594,现款的配置基本上能满足我的需求了，可惜不是SUV。唐赶紧发布吧,0,2022-04-07
44,155468,48594,千山翠感觉不错 但是汉的中文内饰感觉怎么都get到我 从几年前的最初的汉到现在虽然改款升级不少,0,2022-04-07
45,155398,48594,祖传的625？670？,0,2022-04-07
46,155355,48594,外观比老款改进太多，颜值在线，准备充值,0,2022-04-07
47,155240,48594,价格呢？,0,2022-04-07
48,155227,48594,Disus 智能电控主动悬架到底是什么？可否展开说说。,0,2022-04-07
49,155216,48594,拳打智己，脚踏蔚来——双7下跪！,0,2022-04-06
50,159668,48571,没有快充口，第三排放倒不是平的。,0,2022-04-19
51,159142,48571,🐮🍺,1,2022-04-18
52,158244,48571,对比一下DMi ,0,2022-04-15
53,156966,48571,这个前脸和侧边怎么有点子像7系啊,0,2022-04-13
54,156764,48571,要颜值有颜值，要空间有空间，要配置有配置，真心不错👍！不愧是传统车企东风背书的高端新能源品牌.,0,2022-04-12
55,156693,48571,因为电池的原因，把尺寸做成这样，说到底还是妥协于目前的补能配套环境了。,0,2022-04-13
56,156642,48571,国货新标杆，能打,0,2022-04-12
57,156596,48571,{:牛:}国产终于来了个能打的！,2,2022-04-12
58,156377,48571,增程版没有快充口，这是最大的败笔，一旦长途旅行，就只能当1.5T的汽油车用！现在高速上的充电桩几乎都是快充，梦想家根本无法补电，而 几十公里电耗完后，只能靠可怜的1.5T汽油机带动庞大的车辆，性能和驾驶体验都会大大下降！,2,2022-04-13
59,156324,48571,"这哥们文字功底和语言表达水平有限
",0,2022-04-11
60,156221,48400,看起来真漂亮。,0,2022-04-10
61,156139,48400,cltc还是nedc？超过一百度的电池了,0,2022-04-10
62,155982,48400,腾势X的嘴没有了、然后腾势也没有了,0,2022-04-09
63,155931,48400,前脸设计有点，开倒车。 没有原来的霸气,0,2022-04-09
64,154336,48400,这车实际续航400+出头，都2022了不应该拿NEDC作为标准了，应该拿WLTP,0,2022-04-03
65,154181,48400,我还是选择理想,0,2022-04-02
66,154151,48400,就这？完全看不出有啥竞争力。丑陋的前脸，平庸的内饰，low的车机和底盘。唐DM这么经典的车型，一直得不到比亚迪重视，这些可都是比亚迪冲击高端的基础，结果就这，把车主当傻子?,0,2022-04-02
67,153908,48400,内饰色彩搭配 还是low了点,0,2022-04-02
68,153790,48400,三连杆的悬架还卖三十多万？地球上也就比亚迪这家车企能做得出来这种事了，还是卖给国人。真讽刺！同意点赞！,5,2022-04-02
69,153773,48400,油改电、连提都不敢提的车机芯片、逆向垃圾底盘、祖传开船操控、超小尺寸HUD，这车卖30万起？,5,2022-04-03
70,153276,48297,我们将会在4月6号于评论区随机抽取一名幸运儿获得“零跑C11车模”！,3,2022-04-01
71,156085,48297,手势操作没有ota的老版本也可以，我是自己琢磨的{:大笑:},0,2022-04-10
72,155096,48297,"辅助驾驶功能开启和退出的系统提示音，能按需选择关闭吗？
不然，好不容易千万调音的一曲歌，可能要被打断成三节棍甚至九节鞭……
一路难受……",0,2022-04-05
73,155025,48297,我刚刚拿耳机听了下升级前后的对比，感觉升级后好像更浑厚了。但是你录制的两段音频初始音量不一致影响判断。而且如果真的对比，还是得现场体验才好。,0,2022-04-05
74,154798,48297,路上也能看到c11了,0,2022-04-04
75,154533,48297,动能回收的力度是不是变强了？车道居中有没有调整？一键息屏为什么不能只熄灭右边两个？后视镜倒车下翻不能恢复的情况修复了吗？,0,2022-04-04
76,154468,48297,下次OTA应该就会有哨兵模式卡,0,2022-04-03
77,154376,48297,本次升级车友们给予了厚望，提升是有，但是不明显。一是例如过度宣传“千万级调音”，喇叭硬件没有改进，软件再怎么调，上限不会太高。二是辅助驾驶增加了后方预警、窄道辅助、开门预警等，雷达使用不够灵敏，有所延迟，也可以说视觉摄像头仍然有较大优化空间。三是启用LCC，部分时候还会急刹车，这个痛点从交车都未很好解决，希望下一次OTA升级时能够解决。四是软件收费问题确实不应该，不是说车主们出不起那20元，现在代码和软件开放情况下，苹果都不收费了，安卓还搞收费？五是休息模式和守护模式很好用，特别是OTA的时候或露营的时候，带上一键息屏而又不用停止车辆。,0,2022-04-04
78,154308,48297,我要车模车模车模,0,2022-04-03
79,154250,48297,我想要银色车模{:捂脸:}{:捂脸:},0,2022-04-03
80,147042,47510,"3月21日于评论区随机抽取五名用户各送出“新出行国风香薰”各一份。
                                             抽取两名用户各送出大奖“乐橙摄像头”",1,2022-03-18
81,150506,47510,test,1,2022-03-25
82,148609,47510,很不喜欢c11屏幕设计，三个屏幕不在一个平面上，感觉不舒服。希望c01不要沿用这种设计。,1,2022-03-21
83,147744,47510,您说c01的贯穿灯能不能改装到c11上呢？,0,2022-03-19
84,147693,47510,c01就是保时捷911 五门版 ,0,2022-03-19
85,147672,47510,C11已经涨价了，01应该比11贵至少一万起,0,2022-03-19
86,147658,47510,从实车车头来看，是拍扁的C11，而又多了贯穿式日行灯，整体车头还是很飒的~！,0,2022-03-19
87,147547,47510,希望可以多一些选装项目 比如hud,0,2022-03-19
88,147311,47510,谍照看起来内饰和C11几乎没差别啊，这个这个……{:呆滞:},0,2022-03-19
89,147298,47510,我是零跑C11车主，希望再做C01车主，支持零跑！,0,2022-03-19
90,157701,47483,这……比亚迪的辅助驾驶就够差了，怎么极氪连比亚迪都不如{:迷惑:},0,2022-04-14
91,156222,47483,感谢楼主分享。,0,2022-04-10
92,154873,47483,"上滑才能调节感觉是以后功能预留的.之后其他辅助功能出来就是左滑调节另一个,右滑下滑调节另外的",0,2022-04-04
93,150263,47483,车子不错，喜欢开。,0,2022-03-25
94,149984,47483,极氪好弱啊，这真的是背靠吉利大山，用了五六年，国内外几百人团队研究出来，21年底才量产交付的纯电车该有的水准吗？,0,2022-03-24
95,149211,47483,2.0车机的能耗怎么样,0,2022-03-22
96,149169,47483,"我对极氪UI设计师非常失望，做的是啥玩意嘛？小气吧啦的。
就这样 ( /🚘 |  \）没眼看",0,2022-03-22
97,149033,47483,acc还值得测试下呢？,0,2022-03-22
98,148964,47483,很是期待这个月底我们大零跑的推送哦,0,2022-03-22
99,148951,47483,搞了半天就出了个这。{:敖丁生气:},0,2022-03-22
100,146909,47338,纯电怎么没消息了,0,2022-03-17
101,146844,47338,前悬麦弗逊？定位就高不了,0,2022-03-17
102,146604,47338,车机芯片是什么型号，升级了吗？,0,2022-03-17
103,146420,47338,车子还不错啊，省油又能跑,0,2022-03-16
104,146384,47338,我觉得，这次汉少改款比较成功，都能拿捏到用户需求。体系化能力逐步展现了！,0,2022-03-16
105,146295,47338,无线充电不是50w吗？怎么变成了15w？,0,2022-03-16
106,146256,47338,对了 看了那么多静态评测只有新出行提到了220v车内电源 非常实用  新出行y y d s,0,2022-03-16
107,146238,47338,后排座椅能放平吗,0,2022-03-16
108,146210,47338,为什么觉得老款好看呢{:眯眼看:},0,2022-03-16
109,146181,47338,话说DM-p连跑300km之后，会不会没一点电，这个时候就成燃油车了？,0,2022-03-17
110,149258,47303,后排脚依然伸不到前排座椅底下吧,0,2022-03-23
111,146146,47303,比亚迪和长城，车就是车，为什么要叫驱逐舰，汽车就是汽车，为什么叫坦克,0,2022-03-16
112,145772,47303,一直觉得这个前脸更好看一些,1,2022-03-15
113,145699,47303,各方面都跟秦差不多，外观、内饰、配置、动力，续航，搞不懂,1,2022-03-15
114,145540,47303,永远不会有纯电独家的时代，未来汽车的驱动形态一定是纯电，混动，燃油共存的时代。,1,2022-03-15
115,145517,47303,宋plus的海洋网版是什么？,0,2022-03-18
116,145244,46922,{:偷看:},0,2022-03-14
117,144889,46922,看到界面UI就撒哟啦啦了,1,2022-03-14
118,144454,46922,德国人就是搞不明白应该怎么做人机交互,0,2022-03-14
119,144323,46922,屏幕素质比理想ONE副驾娱乐屏是好的，但交互还是不行啊。另外理想L9一出，就没啥可比性了。,0,2022-03-14
120,144289,46922,就这，也好意思卖130W的单电机，买回去不怕被人嘲笑？,0,2022-03-14
121,143997,46922,被新势力吊打，真是吊打,0,2022-03-14
122,143957,46922,审美在变，变回去了,1,2022-03-14
123,143926,46922,车机交互这一块，审美仿佛梦回10年前，国产简直可以吊打之,2,2022-03-14
124,143911,46922,电车就真没什么必要去买BBA了，看国内的新势力和比亚迪就够了,1,2022-03-16
125,143884,46922,汽车电子这一块，德企在燃油车时代就很弱，日企也不行。中企绝对可以弯道超车，这次理想L9的五屏一体，还有问界M5的鸿蒙座舱都是给你眼前一亮的东西，这才是未来3～5年的刚需。看好理想汽车，华为汽车！,1,2022-03-14
126,155933,46763,内饰特别是空调那部分，一看就是设计不起了，也没钱开模了，找了现成的按键拼出来的，感觉我10年前的高尔夫也比这个好看,0,2022-04-09
127,155932,46763,没有任何亮点啊，为啥我不买小鹏p5,0,2022-04-09
128,145487,46763,看见58度电池，就没兴趣,0,2022-03-15
129,144056,46763,在这么多新能源汽车里面，有得选择哦,0,2022-03-11
130,144054,46763,紧跟国家步伐,0,2022-03-11
131,144037,46763,资本大佬看中的新能源，宁可投错不可放过，有看头,0,2022-03-11
132,144035,46763,定位准确,0,2022-03-11
133,144025,46763,必须要承认，我们国产车的制造技术已经变得这么厉害这么领先了,0,2022-03-11
134,144023,46763,以后出门再也不用担心跑到一半没电了，电量不要打折就好,0,2022-03-11
135,144013,46763,还是新能源好，现在油价要上天了,0,2022-03-11
136,142465,46679,预祝NT2.0 平台的全新起航～欢迎大家评论区留言讨论与我们一起共创～润子将随机抽三名网友，各送50京东卡一张！3.11号公布{:加电:}{:加电:}{:加电:}{:加电:}{:快冲:},2,2022-03-08
137,143725,46679,不愧是让我下载新出行的原因之人{:眯眼看:}{:眯眼看:}{:眯眼看:},0,2022-03-10
138,143611,46679,et7除了贵，没毛病,0,2022-03-10
139,143259,46679,图片也太美了吧,0,2022-03-10
140,143131,46679,仔仔细细看完，很细致，很冲动，就恨钱包不给力,0,2022-03-09
141,143017,46679,太用心了，飞机nb！{:大哭:},0,2022-03-09
142,143016,46679,从细节上把新车型的特点描述的淋漓尽致，对比也是比较客观公正的，点赞,0,2022-03-09
143,142992,46679,"大制作大制作~
",0,2022-03-09
144,142870,46679,来哦一个,0,2022-03-09
145,142809,46679,路躁和轮胎的选择关系很大吧，这几辆车都是用的什么轮胎呀？应该说的再详细一点,0,2022-03-09
146,139929,46475,"满意，长续航和低温环境都经过验证了，我担心的点都解决了
",4,2022-03-02
147,139908,46475,力挺星越L混动，国人骄傲，打破混动专用发动机日系，德系垄断的局面,5,2022-03-02
148,139905,46475,雷神动力相当于在动力、油耗、智能上都实现了全球领先，我挺吉利,6,2022-03-02
149,139628,46475,吉利后面会出四缸的混动吗？,0,2022-03-03
150,139618,46475,期待动态试驾和前脸点亮效果,0,2022-03-01
151,139598,46475,极氪可是纯电车 尴尬了{:眯眼看:},0,2022-03-01
152,139586,46475,极氪？,0,2022-03-01
153,139527,46475,有直驱的三缸还算了吧，又不是插混{:捂脸:},1,2022-03-01
154,139501,46475,"星越L混动三档的变速，是纯电＋纯油+并联三档，智能应对各种路况，做出最省油的选择。
",6,2022-03-02
155,139499,46475,1300公里超长续航公开赛，雷神动力王者实至名归！,5,2022-03-01
156,139048,46397,扫码回复「智己L7」，即可加入新出行-智己L7交流群，与专业编辑、全国车友在线交流。,0,2022-02-28
157,140019,46397,真正上市之后希望可以看见更好的智己。,0,2022-03-02
158,139802,46397,车可能不错，但上来就把天使轮当冤大头，感觉这车企也没啥诚意，或许是下一个赛丽斯,0,2022-03-02
159,139435,46397,学极氪的套路。试车最好的方式就是一天内想买的车试驾完，身体会告诉自己答案。核心配置（卖点）是超感驾控，没有空气悬挂，又贵了5万。应当是土豪三厢轿车的买家会考虑，不是极氪的目标市场。,0,2022-03-01
160,139416,46397,"总算有动态体验报告了！
想问问，这个车子适合女性车主嘛？我就是看她好看，但是尺寸有点大，怕开起来不方便，所以一直犹豫来着。跟着APP的人来到了这里……问问专业人士。",1,2022-03-02
161,139305,46397,这么大的车把驾控作为卖点，产品经理是得了脑血栓吗？,3,2022-03-01
162,139295,46397,比极氪咋样 好早就看这个车了,0,2022-03-01
163,139191,46397,再问，高速车躁如何，静音如何{:大笑:},0,2022-03-01
164,139177,46397,😊敢买都是英雄,1,2022-03-01
165,139106,46397,又是布雷博卡钳，估计交付后通病就是雨天刹车尖叫,0,2022-03-01
166,139773,46258,扫码回复「自游家」，即可加入新出行-自游家交流群！,1,2022-03-01
167,155934,46258,竖屏就是个错误的选择,0,2022-04-09
168,139820,46258,额。。。就。。。丑萌丑萌的,0,2022-03-02
169,139664,46258,外观我喜欢！现在车子真得越来越好了,0,2022-03-01
170,139456,46258,问界M5还是小了点，真正的三国杀是理想ONE，岚图FREE，自游家NV。,0,2022-03-08
171,138968,46258,建议往轻越野开发跟市面上的增程车形成差异，比如加前后锁轻松上成佛坡{:眯眼看:}至少也加个后锁。,0,2022-02-28
172,138963,46258,有高速领航辅助么，,0,2022-02-28
173,138921,46258,外观很中庸，定价偏高，电车客户明显比较年轻化，这样的外观设计应该会损失一部分客户。,0,2022-02-28
174,138919,46258,自游家好快，小白老师好猛！,1,2022-02-28
175,138895,46258,会不会有股皮尺味? 唉都看见理想卖的好上来五座都报30来万{:捂脸:},0,2022-02-28
176,155935,46244,有没有睡眠空间模式？,0,2022-04-09
177,139309,46244,现在就看价格了,0,2022-02-28
178,138728,46244,那个喊了好几年ctc技术的品牌呢,0,2022-02-27
179,138629,46244,希望交付时，驾驶辅助功能能完全开放，而不是要继续等OTA,1,2022-02-27
180,138467,46244,看c11都是各种配件损坏导致故障，c01还是同样的供应商或者品控么？,1,2022-02-26
181,138342,46244,不错的开始 等待实车,0,2022-02-28
182,138319,46244,没激光雷达吗？,0,2022-02-26
183,138314,46244,零跑这个性价比是真的好。但是不可忽略的是本身的质量。所有的堆料，只有在好的质量前提下，才是真的有效堆料，才是真的有性价比。,1,2022-02-26
184,138307,46244,"76.8度也可以加四驱，学极客001,好卖的",0,2022-02-26
185,138302,46244,性价比之王阿,0,2022-02-26
186,138871,46032,期待继续优化，等到我们装完雷达应该就很不错了,0,2022-02-28
187,138852,46032,只有P5吗？P7也可以吗？,1,2022-02-28
188,138851,46032,已经更新了，这次惊喜很多，只能说还没更新的赶紧去更新吧,1,2022-02-28
189,138850,46032,年后大礼包，这波更新诚意满满,1,2022-02-28
190,138849,46032,不知道这次OTA又有哪些惊喜呢,1,2022-02-28
191,138848,46032,哇，这个好消息我今天才知道,1,2022-02-28
192,138847,46032,功能跨楼层智能泊车，以后看来停车方面会方便很多,1,2022-02-28
193,138846,46032,听说激光雷达就要派上用场了，当初选激光雷达真是个正确的选择,1,2022-02-28
194,138026,46032,"增加沿途泊入是为了解决记忆车位被占问题，
增加路线分享是为了解决没有固定车位问题和充电桩在哪问题。
罗马城也要一块一块砖头的建立起来。",1,2022-02-25
195,137949,46032,咋样，亲测好用吗,0,2022-02-25
196,134933,45570,关于两车的更多消息将在群内公布，感兴趣的朋友欢迎加群～,2,2022-02-18
197,142212,45570,更喜欢C01，两辆车应该不是一个价位,0,2022-03-08
198,139312,45570,感觉还是c01比较号,0,2022-02-28
199,137268,45570,说实话，零跑C01无法担负品牌向上的重任，不过好在技术都在C11上验证了，成本应该不高，只能继续打性价比这张牌，冲冲销量（前提是第二工厂赶紧投产，不然光T03和C11的交付就能把零跑拖垮），给资本看吧！,1,2022-02-24
200,136313,45570,零跑那个小轿跑叫啥来着,0,2022-02-22
201,135790,45570,c01自动驾驶拉夸呀,0,2022-02-20
202,135506,45570,哪吒s价格不在这个区间么,0,2022-02-20
203,135443,45570,海豹这定价 快和m3一样了,0,2022-02-20
204,135391,45570,什么时候来个两门电动钢炮啊{:捂脸:},0,2022-02-18
205,135389,45570,C01车头长一点，好看一点,0,2022-02-20
206,134318,45478,评论有奖｜2月21日，于该视频评论区下随机抽取二名用户各送出“50元京东卡”一张,0,2022-02-16
207,139313,45478,最喜欢这种测评了,0,2022-02-28
208,136555,45478,理想油耗最低明显有问题，但是问题出在哪里？直到看到充电从18到97充了25.5度后，我才明白过来，理想藏了起码有10度电。大家看着油耗测试时电量是20左右好像没变动，其实理想在偷偷用藏了的电驱动车辆，这样油耗自然看起来小了。要想验证很容易，三辆车一起跑一千公里，这样理想藏那10度电影响就小了，这时候再看谁最省油。,1,2022-02-22
209,136326,45478,理想one综合还是厉害吧,0,2022-02-22
210,135736,45478,关于油耗测试，理想増程器功率低，不会反充电，反而会消耗电池电量，问界和蓝图的増程器功率高，反而会给电池充电，这一正一负差别就大了去了。,0,2022-02-20
211,135578,45478,"数据我认为是真实的。
理想41度电剩20%只充进了25度左右。实际还剩近40%的电，厂家藏电了，所以理想不是亏电测试油耗。问界和岚图是亏电状态测试。测试前提条件都不一样了，理想同学所谓的优化实际上是锁了电。
",2,2022-02-19
212,135510,45478,{:抽烟:}{:抽烟:}{:抽烟:},0,2022-02-19
213,135329,45478,"说好就是被充值，不好就是收了黑钱

那就别看，看了就忍住别回复

实在忍不了就自己找三台车来测试不就完了？真TMD又当又立",0,2022-02-18
214,135238,45478,因为理想藏电最多，所以表显的亏电实际并不是亏电状态，一方面逻辑上可以补足“亏电状态”的表现，另外可以避免第一批终身质保下电池的下滑，这个就是理想一直鸡贼的地方。,1,2022-02-18
215,135063,45478,还是理想的车空间大舒适,0,2022-02-18
216,151259,45466,其实门锁也一样。还是那种大铜钥匙的有派。什么指纹、人脸、虹膜都不靠谱！汽车也不如人力车或者马车甚至轿子。有了汽车以后，明显交通事故增多了。还有什么高铁飞机更无法接受。,0,2022-03-28
217,133771,45466,文章写🉐很好，车辆设计者该好好学习，我也觉得高合这电动门很鸡胁，汽车智能化带给用户的体验应该人车融合，如果仅仅为显示高端装逼用，就失去它的意议！,1,2022-02-14
218,133226,45466,我是高合车主，VIP座椅那个一键舒适调整在前排有人的情况下并不会将前排座椅强制调整，不知道你那个是不是试驾车的缘故。,0,2022-03-28
219,133207,45466,{:奸笑:}{:奸笑:}机氪的电吸门也很棒,0,2022-02-12
220,132870,45466,除了比较拉风，适合用来装以外，实用性意义不大。,0,2022-02-11
221,132818,45466,开门的一刹那焦点所在,0,2022-02-10
222,132682,45466,高合用力过猛,0,2022-02-10
223,126705,44633,1月24日，在该文章评论区下随机抽奖送出“真皮卡套”一份,1,2022-01-20
224,133776,44633,外观罗玉凤，内饰林志玲{:眯眼看:}{:眯眼看:},0,2022-02-14
225,130908,44633,mark    ,0,2022-02-06
226,129173,44633,百万底盘到底好在哪里,0,2022-01-28
227,127535,44633,比那个大个客观,1,2022-01-22
228,127330,44633,这不得继续冲一波{:眯眼看:}，这个车机真的是看得我流口水,0,2022-01-21
229,127314,44633,配置和赛力斯sf5 有啥区别,0,2022-01-21
230,127296,44633,冲冲冲,0,2022-01-21
231,127235,44633,看配置和系统，我觉得问界更有性价比，不知续航和能耗谁更有优势？{:加电:},0,2022-01-21
232,127180,44633,关于转向力度，我看了另外一个评测说两档可调呀,0,2022-01-21
233,131415,44481,21年6月还是7月大定之前的很有性价比，,0,2022-02-07
234,130909,44481,mark    ,0,2022-02-06
235,128267,44481,岚图比理想好多了,0,2022-01-25
236,128231,44481,空气悬架的滤震效果还是非常好的，随着OTA的升级车机内的娱乐系统也会更加好用,0,2022-01-25
237,128017,44481,我去感觉了一下，现在这版本是很不错了,0,2022-01-24
238,127948,44481,岚图不论是外观还是内饰都没什么毛病，尤其是它的选配，简直无敌，性价比拉满，还有终身免费充电，简直不要太香！,0,2022-01-24
239,127626,44481,试驾感受不错,0,2022-01-22
240,127622,44481,岚图作为东风旗下的一款高端新能源汽车、还是央企直接投资、还有终身质保、确实省心、不过萝卜青菜各有所爱还是的自己亲自去试驾体验下才行,0,2022-01-22
241,127607,44481,国产之光,1,2022-01-22
242,127601,44481,这个是不也要升级芯片了？,1,2022-01-22
243,160138,44449,颜值不错，做工精细，动力不错！后排是个鸡肋座椅偏短，不够舒适！高速燃油经济性如何不得而知。 从试驾操作以及视频看M5的语音控制识别还是不太理想，有时候反应迟钝或没有反应。不知道岚图free对比一下如何？,0,2022-04-20
244,135668,44449,评测已经相当客观，建议可以再对比下底盘和内饰用料，另外的确很多人反映问界5的音响也是碾压级的存在。问界5我觉得整体来说和one不是对标车型，毕竟尺寸摆在这，六座车需求的不大会去换成五座车。到问界7基本就完全碾压理想one了。,1,2022-02-20
245,135667,44449,我去！看了半天 一个五座车跟六座车比{:捂脸:},0,2022-02-20
246,134215,44449,"哈哈  写个文章被人喷，同情作者。

我猜问界销量短期内很难超过2000台/月（个人用户，不算租赁和自己卖给自己的）。
跟传统能源比，竞争对手太多了，随便一个中型SUV都比这个强。
跟新能源比，被model Y吊打。
买增程，增程的用户不在乎性能，更在乎尺寸，又输了。
",1,2022-02-16
247,130917,44449,"最近M5和理想掐架比较热闹…
作为一个旁观者说点…
理想除了底盘功力，其它方面已经耕耘的有一定的水平，考虑增程的消费者一般弱化动力需求…
M5相比理想优胜的是动力和车内智联，底盘较于理想不相上下，输在外型独创性（不能小看这一点）…
总结一下，M5的优势在增程车里没有很大的亮点，只是华为的亮点耀眼，不足以撼动理想的地位…

车要在机械素质的基础上，再谈智能，才是终极方向。
华为应该跟极氪浩瀚架构联盟（类似于极氪与百度合作），拥有国产车机械素质的天花板，加上车智联的天花板，再拥有一套个性化的汽车设计语言，就是完美组合…",0,2022-02-20
248,130910,44449,mark    ,0,2022-02-06
249,130597,44449,打赌，明年问界M5再改名，这次叫梅乾赤兔DSB5,0,2022-02-04
250,130595,44449,理想完胜。华为自己造车都不一定打的过理想，汽车之家阅车无数，比华为懂太多用户需求,1,2022-02-04
251,128555,44449,丹拿音响厉害,0,2022-01-26
252,127975,44449,性价比岚图高还是理想高,0,2022-01-24
253,125958,44250,还是,0,2022-01-19
254,124938,44250,12-15万   大麦,0,2022-01-16
255,124187,44250,mpv的灵魂是侧滑门不？,0,2022-01-14
256,124173,44250,内饰跟老车比，真是漂亮太多了,0,2022-01-14
257,123967,44250,定价多5000，车长4米8就好了。,0,2022-01-14
258,123867,44250,很想看下7座版本二三排完全放倒是不是全平的。比亚迪居然不展示7座版本什么样子的？营销真是拉垮。。。,1,2022-01-14
259,123864,44250,如果是侧滑门，是不是就抢大批的奥得赛客户了{:眯眼看:},1,2022-01-13
260,123861,44250,这座椅看起来感觉很舒服的样子，这车顶我一直以为是可拆卸的....,1,2022-01-13
261,123860,44250,迪厂小普瑞维亚{:奸笑:},1,2022-01-13
262,130911,44197,mark    ,0,2022-02-06
263,124909,44197,T03 败在了前脸设计,0,2022-01-15
264,124865,44197,8英寸全液晶仪表盘配图有误哦，这是低配的仪表盘图@伟健 ,0,2022-01-15
265,124347,44197,总觉得价格如果维持以往的还是很有竞争力的,0,2022-01-14
266,124141,44197,搜了下没有座椅加热和方向盘加热，在北方感觉还是挺需要的,0,2022-01-14
267,124122,44197,等车可太痛苦了，看到有的社交平台有人等了两个多月等不到了{:捂脸:},0,2022-01-14
268,124082,44197,这么看C11还是很激进啊，时速30也能开启车道保持,0,2022-01-14
269,124070,44197,轮毂样式有点普通,1,2022-01-14
270,124062,44197,顶配8.49也不错，所以我选C11,2,2022-01-14
271,124057,44197,感觉这车丑萌丑萌的{:捂脸:}里面空间不小，我在店里坐过,1,2022-01-14
272,130912,44183,mark    ,0,2022-02-06
273,123727,44183,前麦弗逊，空间可观,0,2022-01-13
274,123682,44183,有点像路虎也有点像长安,0,2022-01-13
275,123492,44183,没有一见钟情 也没有难以接受 继续观望,1,2022-01-13
276,123467,44183,越野，我第一个想到的是，越野的路线往哪去充电？,0,2022-01-13
277,123423,44183,五座还是六座？！,0,2022-01-13
278,123147,44183,理解不了它的颜值{:担忧:},2,2022-01-13
279,123137,44183,外观设计感觉一般，有点怪,0,2022-01-13
280,123106,44183,双无线充电?,0,2022-01-13
281,123073,44183,看着也不赖啊,1,2022-01-12
282,122915,44127,欢迎扫码添加回复“C01”即可进群,0,2022-01-12
283,138503,44127,其实和手机一样，现在都变成不可拆卸电池了。如果要更换代价高昂。不过以现在的电池技术应该能保证长期使用.，不用担心需要更换。,0,2022-02-27
284,133305,44127,是否可以理解为和换电技术非别代表一体化设计和模块化设计两条路？ 我个人觉得终极目标都是提升产品可用性，不过随着电池质量的提升一体化设计未来的路更宽一些，有点类似手机设计思路的发展，现在的手机电池设计差不多就是这样吧？ 不过短期确实换电对车辆实用性提升更多，但是建换电站成本惊人啊。,0,2022-02-13
285,127824,44127,@电动车 ,0,2022-01-23
286,123733,44127,国家不是在规划大力发展换电站吗，这个一体化设计享受不到这波福利呀,0,2022-01-17
287,123548,44127,类似宁德时代的CTC，不过更大的优势还是提高了整车系统的能量密度，也可以减重,0,2022-01-17
288,123165,44127,因为你，我深入了解了一体化设计,0,2022-01-17
289,123141,44127,零跑能领跑吗{:迷惑:}{:担忧:},0,2022-01-17
290,123047,44127,这个结构最大的问题是可能提高保险费用{:眯眼看:},0,2022-01-17
291,123020,44127,灵魂拷问:我们2抵4远期单豪华版撒时候锁单，啥时候生产，撒时候交付，生产的什么版本?伟健知道内幕消息吗,0,2022-01-17
292,130823,44073,M5主界面空是因为，还没有放上女朋友照片，或者动漫屏保。,0,2022-02-06
293,126815,44073,很好奇，p7屏幕小分辨率大，ppi更大，表示屏幕更细腻清晰，怎么得出m5的屏幕还更优，真是匪夷所思,0,2022-01-20
294,125877,44073,喜欢m5的内饰风格,1,2022-01-18
295,125875,44073,"出道即巅峰   
零跑有--入门即豪华{:加电:}",0,2022-01-18
296,125711,44073,极氪001的820a懵x了，这是我的速度吗？,1,2022-01-18
297,125685,44073,？出道即巅峰不是零跑c11的slogen吗,0,2022-01-18
298,125593,44073,估计会有不少用户为这套鸿蒙车机买单,0,2022-01-17
299,125579,44073,小鹏的优势要逐步被曼曼超越,1,2022-01-18
300,125454,44073,这流畅度，还是很顶的,0,2022-01-17
301,125446,44073,芯片是麒麟990a车机芯片,0,2022-01-20
302,130913,44012,mark   ,0,2022-02-06
303,124955,44012,车机界面为啥看着这么廉价,0,2022-01-16
304,122122,44012,有一个长城的8155，确定不是intel的那个啥？,0,2022-01-09
305,122107,44012,我太爱后排遮阳帘了,1,2022-01-09
306,122102,44012,"不能  他最起码要定到问界m5下面
那个可是纯电平台   ",0,2022-01-09
307,122084,44012,让子弹飞一会。真喜欢可以考虑第二批改款{:吃瓜:},0,2022-01-09
308,121940,44012,听说馈电和比亚迪老款唐一样，是虫，麻烦评测下,2,2022-01-09
309,121924,44012,评测真给力。cc的智能化做的确实比byd好啊，摩卡noh看下来已经是国内第一梯队了，就看价格怎么样了,0,2022-01-09
310,121923,44012,这车应该不会上30吧，我估计26+差不多了,0,2022-01-09
311,121919,44012,30万买个纯电不香吗？纯电零件更少更不容易坏。为什么30万要买个复杂的混动？而且这些混动油耗还没有优势。国内搞混动的都是被两田带到沟里去了，欧洲美国都没有这么热衷搞混动。还不如一步到位加把力度搞纯电。,0,2022-01-09
312,130914,44009,mark   ,0,2022-02-06
313,125598,44009,小鹏用的底盘是不是这个车的,0,2022-01-17
314,124952,44009,这车有没有成为2022年最佳理财产品的潜质？ 油改电宣传成纯电平台,0,2022-01-16
315,122865,44009,哈，这车估计打不过国产的对手们,0,2022-01-11
316,122730,44009,轴距才2610，本田好意思吗？而且还是油改点，估计空间更惨。反正我是完全不相信照片里面展示的后排空间。,0,2022-01-13
317,122546,44009,好不容易一个大屏，这和分成了三块屏幕有啥区别，丝毫内有大屏优势，要这么搞中间和下面完全可以换成传统的按键,0,2022-01-11
318,122515,44009,真丑,0,2022-03-08
319,122447,44009,椅型好看，就是谁买日系纯电动啊{:担忧:},0,2022-01-11
320,122322,44009,"就是一个油改电，问题的官方定义是新一代前驱纯电平台，真把智商按在地上摩擦啊

",0,2022-01-11
321,122264,44009,没智能辅助驾驶部分功能，在当前的电车中觉得就是油改电而已，无电车乐趣,0,2022-01-11
322,124547,43769,别克快点出个大型电动车吧,0,2022-01-14
323,123990,43769,别克不行啊，他的车贬值率太高了,0,2022-01-13
324,121840,43769,换壳ei5,0,2022-01-08
325,119376,43263,这个价位中很有区分度的产品,0,2022-01-02
326,118223,43263,打开无敌模式{:眯眼看:},0,2021-12-31
327,141788,43160,对于这种几乎照抄式的竞争，归根结底是没有创新的思维和能力，终将被市场淘汰,0,2022-03-07
328,130915,43160,mark   ,0,2022-02-06
329,117940,43160,方向盘是不是一样反人类？,0,2021-12-30
330,117551,43160,"据我了解两车（顶配版）的差别还有:
奇瑞冰淇淋方向盘是多功能方向盘
五菱是普通的方向盘
奇瑞两个喇叭，五菱一个喇叭
奇瑞是松开刹车，怠速运动
五菱据说是松开刹车不走，必须给油门，类似于单踏板模式",0,2022-01-21
331,117465,43160,几乎雷同啊,0,2021-12-29
332,117430,43160,奇瑞吃屎都赶不上热乎的，一味抄袭还没创新能跟五菱mini比么？？,0,2021-12-29
333,117409,43160,似乎还是五菱更好些？,0,2021-12-29
334,117341,43160,已下单 很好吃,0,2021-12-29
335,117338,43160,几乎一套外观模具出来一样,0,2021-12-29
336,117335,43160,绝,0,2021-12-29
337,131387,43056,氢从哪而来，贵不，到处都有补能不！,0,2022-02-07
338,117226,43056,举足氢重的21世纪终极能源，乘用车普及氢能源应该是十年之后之事了。因为，鼻祖丰田Mirai三个氢罐5.6L续航800KM还要50万呢,0,2021-12-28
339,117116,43056,氢能源百公里费用多少啊？,0,2021-12-28
340,117082,43056,如果你去的不巧，充氢可能要1个小时以上了。,0,2021-12-29
341,117077,43056,如果都是需要注入补能，你还不如直接买个油车呢，多成熟啊。,0,2021-12-28
342,117076,43056,也是增程原理只不过能源变了，还认为增程是过渡阶段?,0,2021-12-28
343,122866,42819,这内饰感觉设计有很大提升,0,2022-01-11
344,118048,42819,有没有座椅通风求回复,0,2021-12-30
345,117326,42819,开这个车，和朋友聚餐，说我是开巡洋舰来的。。。。,0,2021-12-28
346,117325,42819,也不喜欢后备箱空间，有点小了,0,2021-12-28
347,117324,42819,不喜欢一体式座椅，中看不中用,0,2021-12-28
348,117323,42819,我最喜欢这个屏幕,0,2021-12-28
349,117006,42819,听说是换壳秦？,1,2021-12-27
350,116964,42819,"这样的车子招人爱,值得咱们期待",1,2021-12-27
351,116963,42819,感觉这车的空间看上去应该还可以,1,2021-12-27
352,116962,42819,刀片电池让人们对比亚迪刮目相看,1,2021-12-27
353,141661,42729,唉，蔚来的客户忠诚度真是刚刚的…,0,2022-03-06
354,130916,42729,未来是谁的天下？？？？？,0,2022-02-06
355,130619,42729,租电池真是收割智商税机器,0,2022-02-04
356,116213,42729,主流还是当下的bba啊,0,2021-12-26
357,116120,42729,别的不说就说那个大屏，绝对是体验更好,0,2021-12-25
358,116119,42729,还是奥迪的内饰更人性化,0,2021-12-25
359,115125,42729,燃油车始终要退出历史舞台的 et5肯定是蔚来最畅销的车型 目前电动车都在吃红利 等渗透率超过50%以后 才会决定电动车的下半场,0,2021-12-23
360,115091,42729,这个et5还没有可以开的实车体验了，咋就能深度对比呢？最多就是感官和ppt对比啊！哈哈,0,2021-12-25
361,115035,42729,感觉接下来，宝马三系，CLA，小鹏P7，极星2都会变的难一点，特别是宝马3和极星2，完全的针对性市场，当然Model 3&Y也会受一定的影响，但毕竟是智能电动汽车的开创者，用户认知上还是会有一定作用的。,0,2021-12-23
362,115024,42729,"1、对比的范围有点问题，都是拿BBA有的功能来对比，ET5特有的优势没提，电吸门、标配高端音响等也值个2万了。
2.用车成本是拿蔚来BAAS的租金对比BBA的油费，但用了BAAS后，蔚来购车起步价就变成了25.8万，对标BBA是很大的优势。
3、油车10％购置税和电车补贴要重点凸显，差距4-5万。
综合下来:空间打平，配置ET5胜，动力ET5胜，购车成本ET5胜，用车成本ET5胜，品牌影响力BBA胜，续航保障BBA胜。
蔚来ET5这么明显的优势，为啥在小编的描述里都看不出来。",5,2021-12-23
363,112561,42483,该文章评论区下评论，于12/20日随机抽奖送出50元京东卡一张。,0,2021-12-18
364,115039,42483,"很多人订了ET5 也订了蔚来ET7和智己L7，明年一季度量产交付
",0,2021-12-23
365,115036,42483,ET5的云初黄不太好看啊，ET7的南极星更好看，智己L7的颜色也很好看,0,2021-12-23
366,115034,42483,蔚来也算是打出了国产高端智能电车的标杆，其他品牌极氪、智己也得加快步伐才行,0,2021-12-23
367,115032,42483,ET5要进军主流市场了，明年先量产的是ET7和智己L7，后面紧跟着极狐阿尔法和威马M7,0,2021-12-23
368,115031,42483,"我感觉现在的电动车是谁智能化做的好，谁赚钱，像特斯拉 小鹏 极氪 智己 理想这些车都在拼算法
",0,2021-12-23
369,113472,42483,不是双层玻璃又是无框车门，隔音会不会差点{:担忧:},0,2021-12-20
370,113432,42483,我记得智己L7 是93kwh的电池，续航708公里，首批天使轮用户免费升级高阶能量电池包，楼主怎么看,0,2021-12-20
371,113423,42483,文章挺客观的，建议下次还可以带上智己汽车，也是很有实力的自主品牌{:大笑:},0,2021-12-20
372,113408,42483,好家伙，蔚来有换电，小鹏有快充，智己有无线，理想有增程，各有优势啊,0,2021-12-20
373,111522,42146,大众ID充值了多少钱？,0,2021-12-16
374,110268,42146,我还以为我看漏了，看评论才知道，原来真的没提车速。大家又不是小孩子了，不提车速的续航有什么参考价值啊？{:担忧:}{:担忧:},0,2021-12-14
375,110160,42146,这两天海豚的对比组ID4，被跑出了23的电耗，沈阳的气温跟北京差不多。,0,2021-12-13
376,110130,42146,应该试试零下12度吧,0,2021-12-14
377,109962,42146,热泵空调冷却剂鄙视链                                                        二氧化碳（R744）〉R1234yf  〉R134a  ，后两种不能低于零下10度，并却能耗也差很多！,0,2021-12-13
378,109854,42146,0.28的风阻系数领先同级别？,0,2021-12-15
379,109823,42146,车速呢，不提车速不有啥参考呢、,1,2021-12-14
380,109818,42146,这么看夏天的续航也不一定比这次高，环密云水库证明车速还是一般的,1,2021-12-14
381,109810,42146,特斯拉的热泵空调是什么技术？,0,2021-12-13
382,109808,42146,二氧化碳热泵空调是ID全系标配吗？,0,2021-12-14
383,107538,41850,新款奥德赛真不错，明年其他要上市的纯电MPV估计要卖爆,0,2021-12-08
384,107291,41850,合格的文章。但对细节描写不够{:眯眼看:}{:眯眼看:}，不奇怪，毕竟不是天天开这车,0,2021-12-08
385,111523,41734,外观挺好看，大叔系,0,2021-12-16
386,118380,41624,"辛苦辛苦。做这种测评花时间的。
花了时间还有人怼你。
再公正的测评也有人挑你各种毛病的。
感谢这么详细的测评啊！！
给大家购车还是有了一个比较客观的参考的！",0,2021-12-31
387,117628,41624,所以综合哪家最强？,0,2021-12-31
388,111524,41624,蔚小理都不错，特斯拉算了吧,0,2021-12-16
389,109552,41624,这个测评的好详细，等冬季续航测评,0,2021-12-31
390,107789,41624,不知道测试过程中，其他三辆车有没有遇到蔚来漏识别那个类似的场景？如果有，表现如何？,0,2021-12-09
391,107517,41624,好全面，好细致。但是想讨论一个问题，现在车企的自动辅助驾驶能力是一个可以影响消费者决策的重要指标吗？如果不是的话，未来可能在某天大家就一起迈入自动驾驶的时代了。也就是说这类相对专业又不是特别专业的内容受众是哪些人呢。纯讨论，没恶意哈,0,2021-12-09
392,107507,41624,好文，期待再测个泊车对比,0,2021-12-08
393,107429,41624,各有千秋,0,2021-12-08
394,107410,41624,p7降级的确非常影响体验，有些高速路段几百米降级两三次，切来切去搞得非常紧张,0,2021-12-08
395,107372,41624,连领航辅助是啥都不介绍一下，就赶紧测了。哎。,0,2021-12-08
396,112872,41587,最近车路协同政策密集，2-3年内必然是大城市路基设施基建首选,0,2021-12-19
397,106616,41587,车路协同是锦上添花，核心还是要发展车的智能,0,2021-12-06
398,104686,41587,简单理解，现阶段最重要的功能就是电子狗{:奸笑:}{:奸笑:}{:奸笑:},0,2021-12-02
399,104665,41587,还需要很长的时间，才能覆盖到终端用户。,0,2021-12-02
400,104661,41587,车辆协同这种全靠地方财政的大基建，什么时候能成且覆盖范围会有多少呢？,0,2021-12-02
401,104571,41587,车路协同是要在路基加装设备？,0,2021-12-01
402,104535,41587,这个得靠政府去推动,0,2021-12-01
403,104483,41587,这种和信号灯直链的功能，应该是交通部主导和车企合作，而且也给看当地政府支不支持,0,2021-12-01
404,104827,41577,x7界面最好，零跑也不差,0,2021-12-02
405,104684,41577,p7好久没ota了,0,2021-12-02
406,104683,41577,习总能  是啥？,0,2021-12-02
407,104669,41577,零跑下次出个弹射模式{:眯眼看:}{:眯眼看:}{:眯眼看:},0,2021-12-02
408,104666,41577,等个理想one的{:眯眼看:},0,2021-12-02
409,104664,41577,少了一个 OTA，就是极氪的。,2,2021-12-02
410,104637,41577,配图有别字呢,0,2021-12-02
411,104636,41577,希望零跑c11也增加一个弹射起步功能{:加电:},0,2021-12-02
412,104635,41577,零跑就是产能不足，太拉夸    提车有些慢,0,2021-12-02
413,154203,41371,顺便测一下两款电机的0-100加速成绩,0,2022-04-02
414,110884,41371,we86 跟we100 大佬推荐哪款 实在是纠结,0,2021-12-15
415,110615,41371,辛苦了！点赞，厉害！,0,2021-12-14
416,109489,41371,"胎压：威睿2.7，日电2.8，胎压低费电；
均速：威睿78.1，电产76.7，均速高费电；
所以折扣率差了这1%。
结论：几乎没差。
不知威睿是否后期ota空间更大？
希望we100、we86、you100三个版本再同时测试一次{:眯眼看:}",0,2021-12-12
417,106046,41371,感谢新出行，不知道712续航在0℃左右到北方续航表现如何,0,2021-12-05
418,104926,41371,这也没太大的差距呀！,0,2021-12-02
419,104600,41371,下一次可以再找两辆，测个时间更长的。,0,2021-12-01
420,104599,41371,看来国产的质量也不错。,1,2021-12-01
421,103890,41371,用心了，感谢车友和新出行的努力,0,2021-12-01
422,103723,41371,纯高速能耗测试还是不错的，毕竟电车在市内，除了跑滴滴，是很难一天跑完整个电量的，然后回去休息睡觉的时候又可以插电充电。跑高速不一样，像我经常出差的一天两人换着开，跑800km是常事，这样，续航就很重要，虽然目前没有一款电车能跑到800高速续航,1,2021-12-02
423,102013,41198,丑出天际,0,2021-11-27
424,101792,41198,五菱真是可以吧一个车型玩儿到底,0,2021-11-26
425,101494,41198,这两个颜色深得女性用户的喜爱呀,0,2021-11-26
426,101390,41198,不得了,0,2021-11-26
427,101302,41198,可以可以，照片看挺精致,0,2021-11-26
428,104420,41158,好看,0,2021-12-01
429,103873,41158,只能说如果按奔驰主导定价太高，那又只会是少部分人的优越感玩具,0,2021-11-30
430,102850,41158,按奔驰的尿性，估值要卖30＋,0,2021-11-29
431,102297,41158,这前脸和屁股很眼熟有没有！！{:眯眼看:}{:眯眼看:}{:眯眼看:},0,2021-11-28
432,102164,41158,量产车什么时候发布和销售？,0,2021-11-27
433,102138,41158,概念车都很好看,0,2021-11-27
434,101698,41158,这不是威马EX5的前验吗？,1,2021-11-27
435,101590,41158,在深圳哪里,1,2021-11-26
436,101490,41158,这颜值。。。将迷倒一大片女性。连我这男的都有点动心了,1,2021-11-26
437,101420,41158,期待合适的价格,1,2021-11-26
438,98944,40792,还是cma油改电平台,0,2021-11-20
439,98901,40792,丑爆了 跟不上时代,0,2021-11-20
440,98793,40792,这车只适合两个人,0,2021-11-20
441,119263,40775,岚图梦想家的设计感更胜一筹，很期待实车,0,2022-01-02
442,103581,40775,"感觉这设计师太会设计了，把握发展潮流啊
",2,2021-11-30
443,103580,40775,感觉远远的一眼就能看出是MIFA9，这设计真绝了,2,2021-11-30
444,103579,40775,这设计看着就有一种高端大气的感觉,2,2021-11-30
445,103576,40775,真的太有设计的感觉了，外观酷爆了,2,2021-11-30
446,103573,40775,车头设计部分棱角分明，看起来很有品质感和辨识度,3,2021-11-30
447,101125,40775,本来还在纠结买什么，这下好了，就是它了！,2,2021-11-25
448,101122,40775,要我说这才是设计，才是艺术,0,2021-11-25
449,101121,40775,别克：还卷？,0,2021-11-25
450,101118,40775,这前脸，看着就夯实,0,2021-11-25
451,113218,40682,保时捷复古版,0,2021-12-20
452,98779,40682,双电机顶配20万的话，秒买！！！！,0,2021-11-19
453,98134,40682,欧拉的车机音乐是真的拉胯,0,2021-11-20
454,97789,40682,始祖版帕美,0,2021-11-18
455,97716,40682,当车型亮点里只字不提续航的时候，我就有种预感,0,2021-11-24
456,97691,40682,16.99-19.89交个朋友,0,2021-11-18
457,97689,40682,不会贵，20万？这逻辑也是够可以的,0,2021-11-18
458,97680,40682,美人豹,0,2021-11-18
459,97673,40682,很的个性的一辆车,0,2021-11-18
460,98071,40640,该条文章下评论，于11/22日随机抽奖送出极氪绝版周边“本真手提袋”一个。,1,2021-11-19
461,104828,40640,肉眼可见的卡{:大哭:},0,2021-12-02
462,102626,40640,还好我选了EC，还有时间观望。,0,2021-11-28
463,99468,40640,蓝牙功能不好用，包括自动落锁和靠近开锁，经常不成功。车机还是有点卡，特别是地图，其他还可以，不能跟手机比，用的还凑和吧，语音交互还是挺灵敏的，值得肯定,0,2021-11-22
464,99319,40640,后期车机硬件能升级就好了,0,2021-11-21
465,99061,40640,全都有，就是一用就废,0,2021-11-20
466,99012,40640,希望交车的时候能优化好吧，现在整体反响太拉胯了！,0,2021-11-20
467,98955,40640,那么到底表现如何呢,0,2021-11-20
468,98950,40640,极氪的车机长时间用肯定会卡 我们做测试拍摄肯定没有像车主使用那么频繁,0,2021-11-20
469,98912,40640,希望给我交付的时候，能达到主流水准、交互界面逻辑能更加清晰,0,2021-11-20
470,97601,40520,新出行-MPV交流群已建立，欢迎扫码回复“MPV”即可进群，与资深媒体面对面交流，为你带来最新爆料，独家讯息！,0,2021-11-18
471,128532,40520,岚图不会是 造车新实力,0,2022-01-26
472,98114,40520,等你试驾车体验,0,2021-11-19
473,98040,40520,肯定很贵，有这钱不如买红旗,0,2021-11-18
474,98023,40520,这个，给三胎大佬准备的,0,2021-11-18
475,97799,40520,家用基本被排除了{:担忧:},0,2021-11-18
476,97614,40520,挺好看，就是太大了，没法家用，除非有别墅,0,2021-11-18
477,97587,40520,抢夺别克商务车的市场,0,2021-11-18
478,97570,40520,这个前脸还是有浓浓的复制感，感觉小编下笔很温柔，一碗水端平了。,0,2021-11-18
479,97560,40520,太大了，公用差不多,0,2021-11-18
480,97602,40518,欢迎扫码添加回复“元PLUS”即可进群～与更多的资深媒体、车主朋友以及厂商大佬交流吧～,0,2021-11-18
481,97912,40518,比原来的 那个元好了几万倍,0,2021-11-18
482,97679,40518,似乎评测的车上没看到座椅加热和通风，车机和音响也没有到最高配，按理说只会比海豚价位高一点吧……毕竟海豚本身还有卖设计的部分,0,2021-11-18
483,97189,40518,红内饰有点村炮,0,2021-11-17
484,97156,40518,成都车展那个棕色不量产了..?,0,2021-11-17
485,97103,40518,外观，内饰是我喜欢的类型，律动空间为主题，希望音响音质方面也跟上，丹拿音响就完美了！,0,2021-11-17
486,97092,40518,同级对比没有Aion Y吗？这才是元plus的主要竞争对手啊，几何c、小鹏G3i都比Aion Y销量低很多。,1,2021-11-17
487,97049,40518,动力还是弱了点，百公里加速水平跟几何c这类竞品对比不足。,0,2021-11-17
488,97044,40518,这车的内饰用力过猛{:担忧:},0,2021-11-17
489,97002,40518,那我有个问题要问，这个车是八合一驱动？那海豚是不是八合一,0,2021-11-17
490,98053,40509,扫码回复「Q5」，即可加入新出行-奥迪Q5 e-tron交流区，与专业编辑在线聊车。,0,2021-11-18
491,145266,40509,真的会有人花40几万买个这个？和凯迪拉克的lyruq同级别比，完全是两个年代的产品,0,2022-03-14
492,104553,40509,这个配置都是电车标配了，就是内饰质感质量好点，牌子响亮，其他和国产车比。。那就没有性价比了，价格太高,0,2021-12-01
493,98938,40509,感觉设计上不如ID好看，有点草率,0,2021-11-20
494,98613,40509,感觉就好像是ID6精修版啊，没意思,0,2021-11-19
495,98259,40509,三电技术那么差的吗？84度电池CLTC才这点续航？,0,2021-11-19
496,98060,40509,还不如唐ev,0,2021-11-18
497,98046,40509,实体按键多了点,0,2021-11-18
498,98010,40509,不错,0,2021-11-18
499,97995,40509,续航感人,0,2021-11-18
500,97613,40479,欢迎扫码添加回复“好猫”即可进群～与更多的资深媒体、车主朋友以及厂商大佬交流吧～,0,2021-11-18
501,155901,40479,封绿牌6.9秒都好意思说凶说钢炮,0,2022-04-09
502,97525,40479,城市代步，接送娃是真可以,0,2021-11-18
503,97371,40479,可惜欧拉一直都是油改电，和几何一样,0,2021-11-17
504,97063,40479,不和哪吒u对比下？,0,2021-11-17
505,96958,40479,这车一个人开真挺好的,0,2021-11-17
506,134534,40455,55大电机版本怎么都没货，急急急！,0,2022-02-17
507,96426,40455,七档调节 调节至一个适合自己的档位 基本上能用到报废,0,2021-11-15
508,99227,40351,新政策什么时候出来啊？,0,2021-11-21
509,96554,40351,补充下 蔚来购买服务无忧包的车主 每月流量提升至15G   目前超过20G以后依然是不收费的~   {:眯眼看:},1,2021-11-15
510,95513,40351,是不是写错了，汉EV明明是5G/月,0,2021-11-13
511,95261,40351,哪吒看来不热门~{:微笑:},0,2021-11-12
512,95210,40351,这些车机网络的运营商都是联通吗？,0,2021-11-12
513,95204,40351,只要不看视频 流量绝对够用,0,2021-11-12
514,95182,40351,伟健辛苦了，我零跑C11提到手还没咋用呢，就剩2个多g了，这才月初，明显感觉不够用啊,0,2021-11-12
515,95166,40351,啥时候能出一个车机网络信号强度的对比？,0,2021-11-12
516,95156,40351,威马终身免费无限流量,0,2021-11-13
517,95136,40351,没有对比就没有伤害。零跑你也太那个了。。。。。。,0,2021-11-19
518,103303,40108,为什么动能回收要最高 驾驶模式要经济 如果改成低和运动 还会削减多少？,0,2021-11-29
519,96064,40108,这文章很实用呢，有机会出一份小鹏p 5的报告咯,0,2021-11-14
520,96005,40108,100度电池高速跑光算500，单电机，估计稍微省点，因为他双电机用的方案是两台同步电机，估计实际能增加个70-80公里。估计100度单电池方案的，满电高速续航应该有550-580，再多应该也没了。不过，实话实说，如果在我们这繁忙江浙沪高速，一段拥堵80一段120，估计也悬的。这个天气的南方应该是电动车最合适工况了。,0,2021-11-14
521,94602,40108,高速满意的，基本跟所有电动车出行，都是对方先找服务区,0,2021-11-10
522,93773,40108,高速如果车流量大，速度不停的在80.90到120之间来回，耗电量会特别大，不知道这个情况小编有没有考虑进去,0,2021-11-09
523,93703,40108,86度电池和100度不知道性能有没有差别,1,2021-11-09
524,93702,40108,求测712的续航{:眯眼看:},0,2021-11-09
525,93609,40108,可以！,1,2021-11-08
526,93460,40108,终于有新出行的测试了,0,2021-11-09
527,93431,40108,那就是夏天八折冬天七折。we版本，里程焦虑了,1,2021-11-09
528,93323,39979,每天来看新出行刷新总没错，果然在第一时间就看到了目前最火的（之一）极氪001全面评测文章了。但是在我看来还有几个不算问题的问题，可能也是部分（潜在）客户关心的，如果能加入解答，就更完美了。1、有没有试过在其他快充充电桩（以及家用充电桩）下的表现？文中说到未能体现极氪的实力，但是未就此进行更加详细深入的对比评测，或是解释；2、对于EC天幕的相关评测；3、对于电机（不同品牌）选装的相关对比。最后，感谢新出行的文章！,2,2021-11-09
529,93045,39979,该条文章下评论，于11/09日随机抽奖送出极氪绝版周边“本真手提袋”一个。,3,2021-11-08
530,96930,39979,这样算那we版86度电的高速能开多少公里？,0,2021-11-17
531,94245,39979,大佬们，你们的评测文章被官方转载的时候 “加工了”{:眯眼看:}{:眯眼看:}{:眯眼看:},0,2021-11-10
532,94000,39979,好评，我连评论都刷了一遍,0,2021-11-09
533,93978,39979,什么时候测一下单电机We100的？,1,2021-11-09
534,93782,39979,高速如果车流量大，会有不停的80-120左右的加减速，这种情况下耗电量非常大，考虑进去了吗,0,2021-11-09
535,93696,39979,新的续航测试挺好，更具有现实意义。就等明年提车了。,0,2021-11-09
536,93597,39979,这个测试好。,0,2021-11-08
537,93583,39979,哎呀，增配遥控进出以后，1.6的版本没有什么用了，不知道3.5万的版本值不值得买,0,2021-11-08
538,100044,39958,欢迎扫码添加回复“e-POWER轩逸”即可进群，与更多的资深媒体、厂商大佬以及车主朋友交流。获取第一手资讯，群内不时的红包雨以及各种福利活动等着大家~,0,2021-11-23
539,100032,39958,全网查询不到详细的电机参数，也是够了,0,2021-11-23
540,96001,39958,没有绿牌，依然交税。不过实话实说。一定比背了更重电池的不充电的DMI省油。如果天天可以充电，DMI出行能耗还是会低一些。,0,2021-11-14
541,92458,39958,最近气温下来了，感觉测试空调温度偏高，夏天22/23度两档风下不知道会不会突破4L？,0,2021-11-06
542,92384,39958,一个字都不提三缸发动机，还跑比工信部更低的油耗，看来这篇作文挺值钱{:大笑:}。,0,2021-11-05
543,92366,39958,这个车至少16万起！,0,2021-11-05
544,92290,39958,零百多少，这油耗和秦DMi没差多少啊,2,2021-11-05
545,92206,39958,3.7油耗也是神级了。,0,2021-11-05
546,92127,39958,增程式的技术路线可以赞一个👍,1,2021-11-05
547,92126,39958,这时候有个蓝牌上它还是有点香，估计价格也不会太贵,0,2021-11-05
548,92249,39833,最重要能上绿牌,0,2021-11-05
549,92240,39833,fsdaf,0,2021-11-05
550,91940,39833,感觉进步很大,1,2021-11-05
551,91926,39833,先赞后看,0,2021-11-05
552,91925,39833,详细{:眯眼看:},0,2021-11-05
553,98501,39717,油车？？？pass,0,2021-11-19
554,91220,39717,长城起名跟闹着玩一样,1,2021-11-03
555,90979,39717,已经分不清长城这些车的名字了,0,2021-11-02
556,90793,39717,急加速乏力吗？转向手感虚不虚？,0,2021-11-02
557,90728,39717,颜值就是正义。,0,2021-11-02
558,90610,39717,插混什么时候出？,0,2021-11-02
559,90595,39571,09的自动驾驶芯片是啥啊？找了一圈没找到,0,2021-11-02
560,90395,39571,看起来还不错啊,0,2021-11-01
561,89523,39571,极氪001羡慕哭了,0,2021-10-29
562,89437,39571,唉，能不能拉极氪弟弟一把啊{:捂脸:},0,2021-10-29
563,89411,39571,为啥极氪的车机那么烂,0,2021-10-29
564,89395,39571,唉，拉他表弟极氪一把,0,2021-10-29
565,89385,39571,亿咖通做的东西，也还不错嘛,0,2021-10-29
566,89351,39571,李明阳？,0,2021-10-29
567,88694,39365,这浓眉大眼的，也出混动,1,2021-10-27
568,88651,39365,后排地板不纯平,1,2021-10-26
569,88252,39365,这内饰有点奇怪了,1,2021-10-25
570,87994,39365,吉普一代神车。,1,2021-10-25
571,87992,39365,吉普一代神车。,1,2021-10-25
572,86497,39215,"【进群方式-大众ID.3/ID.4 CROZZ交流群】
扫描下图管理员二维码，回复 ID.3 / ID.4 即可加入交流群。",1,2021-10-20
573,87346,39215,"车机还会死机、黑屏吗？
听说这车在欧洲大卖，欧洲人民真可怜，可选择的电车太少了{:抽烟:}",1,2021-10-23
574,87063,39215,哎，能不能借鉴gti的设计美感，真不能想象是大众的设计风格,0,2021-10-22
575,86971,39215,这小车真的好漂亮,0,2021-10-21
576,86954,39215,高配有没有360影像,0,2021-10-21
577,86948,39215,大众标导致价格下不去了，哈哈,0,2021-10-21
578,86769,39215,不要老说什么鼓刹就够用了这种话，节省成本就是节省成本，高尔夫鼓刹还够用了呢，为啥用碟刹？这小车动力也还行，偶尔还能跑个赛道，那时候鼓刹还够用吗？要真是16万多，真是不如买海豚了，20万的id4都要选装热泵空调，id3肯定也不会配了吧。,0,2021-10-21
579,86675,39215,这小车，开起来德味应该挺好,0,2021-10-22
580,86672,39215,这个底盘悬挂是怎样的？还有就是质保情况如何,0,2021-10-21
581,86565,39215,之前看图感觉白色好看，但看完这个感觉灰色显得更大气一点,0,2021-10-21
582,91699,39041,哈哈哈哈，可以来一期座椅加热了,0,2021-11-04
583,85621,39041,通风必须得是吸风的,0,2021-10-18
584,85486,39041,小鹏P5的座椅通风，是不是只有屁股没有后背的,0,2021-10-18
585,85301,39041,吸风式的感觉更爽，就是支持的不多,0,2021-10-17
586,85068,39041,深圳没座椅通风可不行,0,2021-10-15
587,85022,39041,通风的效果怎么样？,0,2021-10-15
588,84962,39041,南方确实座椅通风更重要，座椅加热一年都开不了几次,0,2021-10-15
589,84944,39041,我在杭州试的C11试驾车是吸风的{:呆滞:},0,2021-10-15
590,84916,39041,我19年加的座椅通风2000块{:捂脸:}富兰克林的才1000块，今天开心不起来了,0,2021-10-15
591,84897,39041,这台p7多久没洗车了，白色坐垫黑到ps都拯救不了😂,1,2021-10-15
592,95219,38903,买这个车的人估计也就是：对Mustang品牌有情怀且想要绿牌的那帮人。当然底盘调教那肯定不差的，但是其他部分平平无奇，续航/车机/UI/自动驾驶等完全无法提起购买的兴趣，37万买啥不好？特斯拉ModelY，蔚来EC6不香嘛？销量绝对垫底,0,2021-11-12
593,84864,38903,cc大佬颜值真高,0,2021-10-18
594,84663,38903,传统车企新能源一发力，国产车企也只能拼价格了{:捂脸:},0,2021-10-13
595,84485,38903,为啥这封面cc看起来有点懵逼,0,2021-10-13
596,84172,38903,野马也开始发力了,0,2021-10-11
597,84147,38903,人家特斯拉3.6秒续航600，这个490，是不是技术差的有点多,0,2021-10-11
598,84122,38903,如果是轿跑可能会考虑 SUV兴趣不大,0,2021-10-11
599,84117,38903,这设计肌肉感MM,0,2021-10-11
600,84112,38903,电马颜值挺高的。,0,2021-10-11
601,84110,38903,那个模拟声浪在副驾录的，感觉不明显，你如果在主驾会声音很明显，那种类V8 的声音在耳边,0,2021-10-11
602,83559,38738,有机会也去试驾一下,0,2021-10-09
603,83556,38738,这个还有华为的自动驾驶系统加持,0,2021-10-09
604,83555,38738,为什么销量上不去呢,0,2021-10-09
605,83457,38738,外观内饰都没有让人眼前一亮特别喜欢的感觉,0,2021-10-09
606,83436,38738,华为的自动驾驶辅助上车了吗？,0,2021-10-09
607,83197,38738,外观不符合国人审美,0,2021-10-08
608,83079,38738,还是轿车好看,0,2021-10-08
609,83078,38738,车子很香的样纸,0,2021-10-08
610,83067,38738,所以总体评价怎么样？,0,2021-10-08
611,82542,38501,找到组织了，以后每天拜读大个文章,0,2021-10-04
612,81266,38501, 发动机不能直驱，那上了高速一样不给力呀。,0,2021-09-29
613,81257,38501,靓仔，你看好这车不？,0,2021-09-30
614,82306,38493,换壳大法又重现江湖，,0,2021-10-03
615,81326,38493,{:微笑:}疯了，24KW，只有慢充，卖6W。,0,2021-09-30
616,81279,38493,贵！,0,2021-09-29
617,146581,38460,https://apps.apple.com/cn/app/id1101124197,0,2022-03-16
618,84292,38460,座椅通风、加热功能都有，很暖心的设计啊,0,2021-10-12
619,84291,38460,现在的车子真智能，满满的科技感,0,2021-10-12
620,84290,38460,这么好看的车子不火才怪,0,2021-10-12
621,84287,38460,内饰很有科技感啊，是当下人喜欢的,0,2021-10-12
622,84286,38460,是家用车的不错选择,0,2021-10-12
623,84282,38460,这款车身颜色就挺好看的，开出去很有抢眼,0,2021-10-12
624,84280,38460,电车的设计越来越潮流了,0,2021-10-12
625,84274,38460,我感觉这车是真不错，外观很帅啊,0,2021-10-12
626,84273,38460,这样的造型我倒是挺喜欢的，不知道哪里有体验店呀,0,2021-10-12
627,87722,38430,希望和哪咤一样三电终身质保,0,2021-10-24
628,83541,38430,接下来会不吹测一次？,0,2021-10-09
629,83540,38430,是不是也像几何一样的续航给力呢？,0,2021-10-09
630,83538,38430,价格不错，就是车头有点丑,0,2021-10-09
631,82014,38430,"有没有感觉这车加速还挺可以的
然后这个动能回收是不是重启又会重置到L2",0,2021-10-04
632,81680,38430,Nvh怎么样？电机声音大吗,0,2021-10-02
633,81633,38430,这价格还是传统车企的车靠谱,1,2021-10-01
634,81614,38430,期待上市后的表现,1,2021-10-01
635,81422,38430,看起来性价比相当高，T03遇到对手了,1,2021-09-30
636,81407,38430,电池能大点，换成电子手刹，中控屏车机在给力点，价格多1W也行哈,1,2021-09-30
637,80853,38273,为什么把车做的这么高,0,2021-09-27
638,80723,38273,跟p7还是有差距,0,2021-09-27
639,80617,38273,头图感觉猛一看像老头乐,0,2021-09-26
640,79982,38273,比p7的自动泊车，如何？,0,2021-09-24
641,141862,38147,EC6有几个麦克风呢？感觉后排识别率不比理想one差,0,2022-03-07
642,86520,38147,坐等蔚来老车年底的8155芯片升级。,0,2021-10-20
643,86407,38147,"但凡真的用过特斯拉的，就知道它的娱乐系统真的很垃圾，包括地图导航…
不得不说，在这方面还是国产更先进（单说智能座舱，别的不清楚）",1,2021-10-20
644,85318,38147,新出现的厉害之处在于，总能像教科书般给予别人知识点，速度快又精确，打蛇打七寸。,0,2021-10-17
645,84953,38147,喜马拉雅的受众应该是非常多的，尤其是有孩子的,0,2021-10-15
646,83884,38147,个人还是比较倾向小鹏同学，尤其可见即可说,0,2021-10-11
647,83655,38147,芯片算力不讲一下，表示遗憾{:抽烟:},0,2021-10-10
648,83535,38147,期待G3车主也能被重视，车机UI该优化了,0,2021-10-09
649,83462,38147,还是喜欢蔚小理的内饰,0,2021-10-09
650,83365,38147,昨晚睡觉前看了一半，睡醒后接着看后一半，对比的真好，对P7更加期待,1,2021-10-10
651,79428,38090,落伍的车 👀,0,2021-09-22
652,79222,38090,给人还是一种油车的感觉,0,2021-09-22
653,79149,38090,这车感觉跟P5挺般配,0,2021-09-23
654,77593,37922,扫描图片二维码，回复相应车型，进入对应车型交流群，直面各路大咖和媒体。,0,2021-09-15
655,79102,37922,特别期待小白老师对于这款车的视频评测,0,2021-09-21
656,77875,37922,外观不错,0,2021-09-16
657,77658,37922,外观是很符合年轻人的审美,0,2021-09-15
658,77646,37922,电车首选，福特的第一款电动车肯定不差,0,2021-09-15
659,77543,37922,有Carplay吗,0,2021-09-15
660,77496,37922,电池容量是不是比外国减少了,0,2021-09-15
661,77475,37922,我也报名了试驾,0,2021-09-15
662,77470,37922,准备睡了，看见小白同学的试驾报告瞬间就清醒了，最期待的电野马测评{:眯眼看:},0,2021-09-15
663,79832,37729,奇丑无比,0,2021-09-24
664,79806,37729,看到续航，可能更多人会选择同价位的t03吧,0,2021-09-24
665,79802,37729,外观是真的好看,0,2021-09-24
666,79787,37729,这外观颜色我喜欢～,0,2021-09-24
667,81172,37587,不知道车机系统是什么芯片？,0,2021-09-29
668,76425,37587,这一套NDA是谁的方案呀，禾多？,0,2021-09-11
669,76290,37587,702的电池多少度？,0,2021-09-09
670,76142,37587,实话讲，和小鹏的智能语音系统还有不小差距,0,2021-09-08
671,76139,37587,方向盘样式怎么没换？太老气了,0,2021-09-08
672,76095,37587,重点是价格多少？,0,2021-09-09
673,76048,37587,17-23万价格区间最佳选择。,0,2021-09-08
674,76040,37587,有测试自动变道超越慢车功能吗？通过小半径曲线匝道的成功率如何？之前的埃安车型似乎不太能够应对小半径曲线匝道。,0,2021-09-09
675,76039,37587,不能识别施工指示牌和雪糕筒，应该是NDA唯一的槽点了，希望后续OTA后能实现识别这俩，不然用起来还是不太放心。,0,2021-09-09
676,76008,37587,全文看下来，感觉除了外观延续了V的流线型设计，前面大灯改得更饱满简洁，还是保持了V的设计风格的，但内饰以及配置就来了个全新升级了，内饰可以说跟V全改了，很有新势力走科技感那味，然后动力配置以及电池都来了个大升级，那么高功率以及长续航的电池应该很贵吧，那VP还能保持V那么有竞争力的价格吗{:俏皮:},2,2021-09-08
677,91066,37510,感谢,0,2021-11-02
678,84185,37510,你好，可以申请公众号转载吗？微信公众号：carseatdesign,0,2021-10-12
679,77220,37510,把近期准备上市的p5给漏了呀，这个小板凳也要测一测,0,2021-09-14
680,75780,37510,后排坐的不舒服,0,2021-09-07
681,75724,37510,感谢分享，学习了！！！,0,2021-09-07
682,75662,37510,极星完全没有小板凳。,0,2021-09-06
683,75524,37510,建议加上一个靠背角度，这个也会很直接影响后排的舒适性。{:眯眼看:},2,2021-09-06
684,75521,37510,极氪的座椅如果前端能稍微往上翘一些应该会对大腿的承托更好,0,2021-09-06
685,75498,37510,不错不错,0,2021-09-06
686,75458,37510,"汉的后排宽度多少啊？
",0,2021-09-06
687,77221,37453,这辆车蛮好的，为了LV1尽力了。,0,2021-09-14
688,74983,37453,西装暴徒{:酷:},0,2021-09-03
689,108463,37407,这个充气床可以用在别的车上嘛？比如理想{:眯眼看:},0,2021-12-10
690,77222,37407,封面美女我见过，是新出行内部人员吧{:眯眼看:}{:眯眼看:},0,2021-09-14
691,77154,37407,感觉p5应该不错,0,2021-09-13
692,75781,37407,感觉有点麻烦,0,2021-09-07
693,75480,37407,加了双激光雷达的，还有城市NGP 这些是P7暂时没有的，不知道后期P7会不会有改款呢,0,2021-09-06
694,75478,37407,P5的智能空间能躺平这个挺符合现在年轻人的，现在的年轻人只想躺平，哈哈哈,0,2021-09-06
695,74930,37407,挺有趣的功能,2,2021-09-03
696,74913,37407,据说P5搭载的两颗雷达的技术参数均为业内领先水平，NGP的安全性应该也很高。,1,2021-09-03
697,74884,37407,第三空间完全是鸡肋,1,2021-09-03
698,74862,37407,万一个头高睡着了一脚蹬屏幕上怎么办,1,2021-09-03
699,74863,37364,扫码添加小当家微信，回复关键词“埃安”即可加入对应交流群。,0,2021-09-03
700,77223,37364,牛的，只是充得越快虚电越多？？,0,2021-09-14
701,75782,37364,充电桩能跟上吗？,0,2021-09-07
702,75473,37364,现在1c都已经一块五六一度了，3c还不得4块钱一度电，这个趋势利好燃油车,0,2021-09-06
703,75295,37364,确实牛逼,0,2021-09-04
704,75168,37364,特斯拉的 V3 应该能达到 380 千瓦吧？,0,2021-09-04
705,75167,37364,最后一个表格应该写上各种车型已测到的峰值充电功率。,0,2021-09-04
706,75155,37364,还是看普及率了 ,0,2021-09-04
707,75068,37364,800V高电压yyds,0,2021-09-03
708,74920,37364,AION的6C超级快充也太飒了,0,2021-09-03
709,74440,37285,扫码回复“p5”进入p5交流群,1,2021-09-01
710,77224,37285,给大佬点个赞！,0,2021-09-14
711,77155,37285,感觉p5应该不错,0,2021-09-13
712,75149,37285,一堆高科技结果整个板悬？打扰了,0,2021-09-04
713,74803,37285,我觉得最不可思议的就是把紫色作为主色调来迎合年轻人，哇真是太丑了！把这个车不高的逼格又拉低了几个档次,0,2021-09-02
714,74709,37285,看了几个试驾视频，得出的结论是驾驶感受很拉胯，毕竟悬架成本在那呢。,0,2021-09-02
715,74672,37285,其实看得出这个价格的用户群体更多的还是会在乎空间和价格，估计中低配会有良好的市场表现,0,2021-09-02
716,74649,37285,小鹏P5应该会大卖,0,2021-09-02
717,74642,37285,产品力不错，价格给力就好了,0,2021-09-02
718,74639,37285,轴距太短，不好看,0,2021-09-01
719,74443,37255,扫码回复“p5”进入p5交流群,0,2021-09-01
720,80067,37255,太丑了,0,2021-09-24
721,77225,37255,这辆车蛮好的，为了LV1尽力了。,0,2021-09-14
722,77156,37255,感觉p5应该不错,0,2021-09-13
723,75785,37255,我还是喜欢看横屏,0,2021-09-07
724,74915,37255,希望能出一个460的续航测评,0,2021-09-03
725,74494,37255,这么大块竖屏看视频只有中间一小块，真的挺奇怪,0,2021-09-01
726,74480,37255,这套UI融合了p7和G3，有内味了,0,2021-09-01
727,74427,37255,期待激光雷达和后续更新！{:眯眼看:},0,2021-09-01
728,77226,37224,这辆车蛮好的，为了LV1尽力了。,0,2021-09-14
729,75786,37224,cltc偏差太多了吧,0,2021-09-07
730,73949,37224,怎么感觉像极氪,0,2021-08-30
731,73909,37224,还以为小鹏p5呢,0,2021-08-29
732,83554,37214,这款车轴距和ID4一样。。,0,2021-10-09
733,80100,37214,老实说，现在430的续航真的不够，好歹也上个550嘛，三元里平时充电最好冲到90%，430的续航在冬天太慌了。,0,2021-09-25
734,77227,37214,这辆车蛮好的，为了LV1尽力了。,0,2021-09-14
735,74308,37214,这个还可以,0,2021-08-31
736,74225,37214,ID系列的造型风格还是小型车好看些。就是前面的下进气口，这个表情有点猥琐！,0,2021-08-31
737,74025,37214,这个白色方向盘，真不耐脏,0,2021-08-30
738,74017,37214,为什么只拍前轮，难道后轮是鼓刹？还有这内饰也太面包车了吧{:抽烟:},0,2021-08-30
739,73955,37214,好看！！！！,0,2021-08-29
740,73937,37214,20寸的胎{:担忧:},0,2021-08-29
741,73921,37214,听说价格和燃油高尔夫差不多持平,0,2021-08-29
742,77229,37184,这个是不是就是车展女权风那个？,0,2021-09-14
743,77228,37184,这辆车蛮好的，为了LV1尽力了。,0,2021-09-14
744,75787,37184,哈哈哈 这个可爱,0,2021-09-07
745,74280,37184,这车实在是太卡哇伊了,0,2021-08-31
746,73702,37184,中控屏是随便找个安卓屏装上的吗？{:担忧:},0,2021-08-29
747,73694,37184,好可爱，我要是18岁，我肯定就买了~真的好可爱。,0,2021-08-29
748,73654,37184,好可爱啊，爱了，爱了,0,2021-08-29
749,73651,37184,哈哈，厉害了，奇瑞要开窍了,1,2021-08-29
750,73632,37184,这车子卖得好不好 得看女车主喜不喜欢这样的设计,1,2021-08-29
751,73616,37184,牛,1,2021-08-29
752,81174,37179,再买比亚迪我就是头铁的韭菜,0,2021-09-29
753,77230,37179,这不是隔老车主韭菜吗,0,2021-09-14
754,73962,37179,依然没有华为鸿蒙加持？？,0,2021-08-29
755,73936,37179,这UI依旧很土，很符合比亚迪的气质,0,2021-08-30
756,73907,37179,这车新款用的是什么车机芯片呀？,0,2021-08-31
757,73871,37179,老车主不如狗啊不如狗,0,2021-08-30
758,73853,37179,新交付的车都是用新的芯片带5g功能吗？,0,2021-08-29
759,73835,37179,品位略有提升,0,2021-08-29
760,73832,37179,“作为比亚迪旗舰纯电轿车，汉 EV 早在 2019 年就已经正式上市”，这句话错了，是20年上市。。,0,2021-08-29
761,74444,37148,扫码回复“p5”进入p5交流群,0,2021-09-01
762,107826,37148,等你们的冬季测试,0,2021-12-09
763,101934,37148,车型不一样电池也不一样,0,2021-11-27
764,92632,37148,测个极氪001吧,0,2021-11-19
765,77231,37148,整个视频看完了，这续航感觉很黄金右脚了,0,2021-09-14
766,74484,37148,这么贵,0,2021-09-01
767,74473,37148,几何a是个什么情况 70的电跑这么多,0,2021-09-01
768,74465,37148,哪里可以看到所有测过车型的排行表？,0,2021-09-01
769,74450,37148,在夏天，600可以跑500，那冬天的话，550E估计也就是400不到了,0,2021-09-01
770,74429,37148,很不错{:大笑:},0,2021-09-01
771,77232,36981,这应该是试水车型吧,0,2021-09-14
772,73334,36981,就知道我选海豚顶配没有错，是我想要的精致小车,0,2021-08-26
773,73293,36981,城市代步利器~ 设计感还是不错的，但是说真的，车机让我“出戏”了,0,2021-08-26
774,73054,36981,不错，秒杀飞度了,0,2021-08-25
775,73042,36981,远近光差不多,0,2021-08-25
776,73035,36981,高级,0,2021-08-25
777,73026,36981,看好海豚，看好纯电平台3.0，除了坚守铁锂电池能量密度低了点，别的方面都挺好！,0,2021-08-25
778,72976,36981,好期待！快点上市！,0,2021-08-25
779,72975,36981,评测很详细，辛苦了,0,2021-08-25
780,72974,36981,"期待顶配，零五十2.9s还是挺快的
",0,2021-08-25
781,77233,36976,这辆车蛮好的，为了LV1尽力了。,0,2021-09-14
782,72971,36976,没有一个数据,0,2021-08-25
783,72930,36976,6座的DM-i   车型有没？,0,2021-08-25
784,72848,36976,等换代吧,0,2021-08-24
785,72825,36976,这文章写的太牛了{:牛:}{:牛:}{:牛:},0,2021-08-24
786,77234,36835,这辆车蛮好的，为了LV1尽力了。,0,2021-09-14
787,77238,36798,这辆车蛮好的，为了LV1尽力了。,0,2021-09-14
788,71938,36798,这简直就是浴皇大帝,0,2021-08-18
789,71921,36798,其实一直挺喜欢凯迪拉克的，怀念我的ATS,1,2021-08-19
790,71307,36686,欢迎扫码添加回复“海豚”即可加入【新出行-比亚迪海豚汽车交流群】，与更多的厂商大佬、资深媒体以及车主朋友一起交流喔~,0,2021-08-16
791,77239,36686,这辆车蛮好的，为了LV1尽力了。,0,2021-09-14
792,73497,36686,您的意思现在买车明年也能通过ota更新全新的os么？还是说明年要改车机,0,2021-08-28
793,71386,36686,侧面还可以,0,2021-08-17
794,71375,36686,这个车在小车级别还是有竞争力的,0,2021-08-17
795,71320,36686,我记得宋plus dmi的360画质不是已经更新到很清楚了吗，到海豚又退回去了啊？,0,2021-08-17
796,71318,36686,车机系统有点小期待,0,2021-08-17
797,71311,36686,期待一下骑士版,0,2021-08-17
798,71310,36686,这轮毂想起了ID3,0,2021-08-17
799,71306,36686,先赞后看，伟健老师NB,0,2021-08-17
800,77240,36066,这辆车蛮好的，为了LV1尽力了。,0,2021-09-14
801,70097,36066,三百匹，6.6也不知道咋调出来的,0,2021-08-09
802,69922,36066,这个大尾翼可是太吸睛了,0,2021-08-09
803,77241,36043,这辆车蛮好的，为了LV1尽力了。,0,2021-09-14
804,75789,36043,这个很可爱了,0,2021-09-07
805,71000,36043,很帅气,0,2021-08-13
806,69767,36043,麻雀虽小五脏俱全,0,2021-08-07
807,69766,36043,外观说说实话把我打动了,0,2021-08-07
808,69763,36043,6种颜色选项 购买选择性非常大,0,2021-08-07
809,69762,36043,设计还是非常漂亮 功能齐全,0,2021-08-07
810,69761,36043,外观很卡哇伊,0,2021-08-07
811,69760,36043,功能非常全面,0,2021-08-07
812,69719,36043,科幻的外观，最重要的是可以自动驾驶，小姐姐们的最爱,0,2021-08-07
813,75790,36024,威马是啥背景啊？,0,2021-09-07
814,74249,36024,L4的级别可不是盖的，全球首款L4量产车。,0,2021-08-31
815,71002,36024,新出行都有水军吗{:捂脸:}，这评论看的好尴尬,0,2021-08-13
816,70439,36024,以前觉得这种无人驾驶只能在电视剧中看看，现在看来威马W6把这高科技技术搬到了现实生活中来了,0,2021-08-11
817,70438,36024,让车辆自己去停车，这要是在以前是想都不敢想，但威马W6做到了,0,2021-08-11
818,70436,36024,有了AVP功能后，新手司机也不用担心倒车停车难的问题了,0,2021-08-11
819,70435,36024,真正体验到了什么叫呼之即来，挥之即去，威马W6，牛,0,2021-08-11
820,70434,36024,有了威马W6的AVP功能之后，确实是不用担心车子没地方停车了,0,2021-08-11
821,70431,36024,以前觉得无人自主泊车不太安全，现在看到威马W6造的这么好，完全打消了我的顾虑,0,2021-08-11
822,70430,36024,确实是智能化配置很丰富，远程遥控开启车辆，自动泊车，遥控泊车功能齐全还好用,0,2021-08-11
823,68271,35898,主要还是看各工况运行转换的衔接情况调教得怎么样，希望做得不错，再推动比亚迪继续升级，以后让人忘了两田混动。,0,2021-08-01
824,68203,35898,电池容量多大？,0,2021-08-01
825,68197,35898,看起来不错啊，15万以下？,0,2021-08-01
826,68166,35898,数据是唐的不是宋的,0,2021-07-31
827,68116,35898,不错,0,2021-07-31
828,75791,35870,价格肯定很高,0,2021-09-07
829,68733,35870,好看呀,1,2021-08-03
830,68705,35870,第五部分wltp写成了wlpt 还有cd是风阻的缩写，不是单位！不是单位！不是单位！,0,2021-08-03
831,68439,35870,短车头短车尾的造型按道理内部空间应该很大啊。,0,2021-08-02
832,68409,35870,大号飞度的比例，奔驰真是自砸招牌，还花钱请人吹自己{:大笑:},0,2021-08-02
833,68368,35870,看见EQS都是小板凳我也就放心了,0,2021-08-02
834,68355,35870,这个评价可不低,0,2021-08-02
835,68335,35870,这么牛批 得卖多少钱,0,2021-08-02
836,68321,35870,造型卡罗拉,0,2021-08-02
837,68316,35870,奔驰的电机效率做的不错啊， 780km WLPT续航可以的,0,2021-08-02
838,124956,35718,这车难产，如果上市卖不出去，老贾故事终结d,0,2022-01-16
839,75792,35718,和高合有点像,0,2021-09-07
840,71003,35718,比高合帅多了，不知道贾老板什么时候回国{:奸笑:},0,2021-08-13
841,67089,35718,前脸被小鹏抢先啦😄,2,2021-07-26
842,75793,35659,希望持续ota吧,0,2021-09-07
843,66557,35659,你的速度真快啊，伟建,0,2021-07-22
844,66521,35659,语音不错,0,2021-07-22
845,66500,35659,太帅了,0,2021-07-22
846,66471,35659,我想问，朝东没有派对是啥？小P连自己老板都认识？,0,2021-07-22
847,66468,35659,周末北京不去玩玩？,0,2021-07-22
848,66466,35659,伟健老师好快喔,0,2021-07-22
849,66543,35573,油耗多少,0,2021-07-22
850,66000,35573,华为的自动驾驶辅助，没给赛力斯吗？那就只剩下“寂寞”了！！{:担忧:}{:担忧:}{:担忧:},0,2021-07-21
851,65999,35573,和华为合作共赢,0,2021-07-21
852,65996,35573,SF5四驱版。车长不理想one短，车重大于理想one重。这车的轻量化。应该不太好。,0,2021-07-21
853,65994,35573,伟健老师辛苦了,0,2021-07-21
854,70316,35571,很怀疑 极氪座椅通风线是不是接反了 ， 吸风…,0,2021-08-11
855,67121,35571,实体钥匙除了能秀下自己有车，带着真心累赘不方便{:微笑:},0,2021-07-26
856,67030,35571,能量密度这块，是不是搞混了？俩100度的不一样，反倒和86度的一样！,0,2021-07-25
857,66602,35571,请问001有哨兵模式么？露营模式开空调时，日行灯能关闭么？,0,2021-07-23
858,66600,35571,后排座椅中间位置凸出，根本无法长时间乘坐，求设计师看见一下，望改进！,0,2021-07-23
859,66485,35571,请问电产圆线有经过官方证实吗,0,2021-07-23
860,66447,35571,如果电动门可以遥控开启是不是会方便很多。这样我随时能掌握开门,0,2021-07-23
861,66420,35571,还有两个月交车，时间不多了，@吴颖 @吴佩频道 不知道为什么空气悬挂版本为什么还没有任何消息，未调试好？还是不可逆转的bug？实在疑惑。,0,2021-07-22
862,66393,35571,吉利增加尺寸，反而拖累了续航，反而车重成本，电池成本都增加了，，现在车友还不卖账，觉得车太大不好停车，觉得别的牌子100度电可以跑800km续航，其实大家估计真的不在乎是不是c级车，所以为什么吉利不出紧凑型呢，吃力不讨好，不能理解,1,2021-07-22
863,66389,35571,"有时候我不理解吉利
1:为什么，要造这么大尺寸的车，尺寸大了，2.4吨，反而拖累了电池续航，，造一个跟汉，小鹏，特斯拉，一样的紧凑型不香么，成本减少，车重减轻，86度跟100度电池还可以多增加续航，这也是",0,2021-07-22
864,65718,35302,不知大众咋想的，6座配置只能顶配没有补贴，理想one的数据已经证实了这个用户群对6座的偏好。,1,2021-07-19
865,65584,35302,感觉还挺强的，感觉车的交通工具的部分做得挺好，就是车机感觉弱了一点，还是10年前的感觉。,0,2021-07-19
866,65569,35302,还挺喜欢这个抬头显示的效果的,0,2021-07-19
867,65568,35302,好长，看完了！这台车你还别说，对大众粉来说还是挺超值的，你想想，你买台大众7座SUV燃油的，得多少钱？,0,2021-07-19
868,65556,35302,150kw电机。。。0-100多少,0,2021-07-20
869,72418,35275,可以接受！,0,2021-08-22
870,64892,35275,轮毂的感觉像是跑车，不知道是不是这么定位的,0,2021-07-15
871,64890,35275,大溜背是我最喜欢的造型，可以可以,0,2021-07-15
872,64889,35275,降低风阻的设计可真是用心了，不是一般厂家可以做出来的,0,2021-07-15
873,64888,35275,碳纤维的材质，少见啊，成本太高了，真是下血本,0,2021-07-15
874,64887,35275,有被这个交互式的大灯萌到，啥时候可以买啊,0,2021-07-15
875,64886,35275,大灯的造型和分类也太多了吧，好可爱,0,2021-07-15
876,64885,35275,想定制一个520的专属标可以嘛！,0,2021-07-15
877,64884,35275,7款颜色选择也太多了吧，好喜欢那个黄,0,2021-07-15
878,64883,35275,要我买肯定买最大续航的,0,2021-07-15
879,75794,35045,前脸还是很帅的,0,2021-09-07
880,71095,35045,我也试驾过ID4，开了一个小时。D/B档位切换带来很多驾驶乐趣，续航真的靠谱。就只有这两个能分享的，其它方面都比较平庸。,0,2021-08-14
881,67014,35045,电动自行车我都不买鼓刹的，汽车你要我买鼓刹？,1,2021-07-25
882,65115,35045,这事也只有费大众干的出来     ,0,2021-07-16
883,63812,35045,鼓刹省钱吧，估计驻车制动也就这个可以搞定了吧。 省钱花在别的有价值的地方也挺好。,0,2021-07-10
884,63805,35045,不听不听，王八念经{:眯眼看:},0,2021-07-10
885,63417,35045,大众鼓刹的事情，一来是当年自己吹碟刹贬低其他对手的鼓刹现在遭到反噬，二来同价位其他电动车就没有用鼓刹的，大众独一家，不喷大众喷谁？,1,2021-07-08
886,63415,35045,够用是真的够用，节省成本也是真的节省,0,2021-07-08
887,63411,35045,鼓刹也能接受,0,2021-07-08
888,63375,35045,够用就够了么？正好考到一本线和超过一本线50分是同一个概念？,0,2021-07-08
889,61800,34384,"大惊小怪，这款式方向盘存在n年了，特斯拉是唯一敢用的，为什么？因为他骨子里就为了眼球不顾安全
",0,2021-07-01
890,61799,34384,大惊小怪，这款式方向盘存在n年了，特斯拉是唯一敢用的，为什么？因为他骨子里就为了眼球不顾安全,0,2021-07-01
891,59962,34384,方向盘一旦转动位置，按键就不好找了，多媒体方面可以用语音，但特斯拉语音系统没那么强大,0,2021-06-24
892,59662,34384,特斯拉在颠覆传统习惯上面越走越远，但也可能离未来越来越近吧,0,2021-06-23
893,59560,34384,不能搓轮了。不买了,0,2021-06-23
894,59508,34384,国内法规不允许这种异性方向盘，不然国内早有车企生产了，所以卖到国内版本肯定是普通形状的,0,2021-06-23
895,59459,34384,的确特斯拉每次都的革新上都是对老车主习惯上的挑战，还无法绝对的去评价是好是坏。现在的命题是越简单反而增加学习成本，去减少过去的惯性驾驶习惯。不然就会丢锅给车子本身的问题。人性都是不会说自己有问题的。,1,2021-06-23
896,61265,34246,呵呵。,0,2021-06-29
897,60907,34246,内外都能上8分吧，智能不知道咋样,0,2021-06-28
898,60841,34246,车机用的8155还是820啊，,0,2021-06-27
899,60151,34246,永磁同步电机吧...{:担忧:},0,2021-06-25
900,60112,34246,其实只有70科技值得买，其他都很一般，另外三个月后大概率有优惠政策，或者送一些选装，对比AION v，目前已经有价格优惠，落地和s价格差不太多了,0,2021-06-25
901,60041,34246,"1.按照埃安的操作，产能上来以后应该还有降价空间。
2.目前这个价位上，aian s plus还是很有性价比的，选择不多。等差不多价位的小鹏p5，比亚迪汉dmi，以及更便宜的海豚上市以后，这个价格不一定很有竞争力。
3.如果不选装变色玻璃，但那块玻璃面积没有变小！后排乘客肯定会很晒，如果在广东或者后排经常有人，建议还是选上比较好",0,2021-06-24
902,59997,34246,价格区间差距太大不好。如果买低配的人很多，那么买顶配的人心里会怎么想。我花21万买的顶配（含选装），开出去跟你花14万买的低配看不出区别，那我不是太冤大头了吗。原本想买顶配（含选装）的人权衡一番后也被劝退了。,0,2021-06-24
903,59950,34246,等等吧 主要是埃安s烧了好多。,0,2021-06-25
904,59898,34246,这配置价格，感觉是要打价格战了{:大笑:},1,2021-06-24
905,59890,34246,配置、颜值、续航都拉满，给了消费者更强力的选择，也不给对手留活路啊{:奸笑:},0,2021-06-24
906,59199,34224,这车标配抬头显示？？？,0,2021-06-23
907,59143,34224,系啊,0,2021-06-23
908,94445,33778,北京冬天续航怎么样？,1,2021-11-10
909,68220,33778,高速上开120左右，也高能跑400公里左右。耗电15.1km。,0,2021-08-01
910,63320,33778,充电测试，换一个大功率的吧，不然意义不大,0,2021-07-08
911,63300,33778,哎，几何系列，要是外观造型好一点，aion S 和 秦plus ev的销量，根本上不去{:捂脸:},0,2021-07-08
912,61828,33778,双电机的极氪001要是也这么稳就香爆了,0,2021-07-01
913,58313,33778,据说7.13下线一批车，不知道有没有我的白色ap,0,2021-06-21
914,56740,33778,这么扎实？,0,2021-06-16
915,56605,33778,真 续航，不是吹的,0,2021-06-16
916,56574,33778,几何真厉害，说实话，以前一直对几何印象不好，整一堆续航比赛。看都看的看。没有谁家续航是靠比赛比出来的第一，只能靠实测。感谢新出行的实测。向几何道歉{:抽烟:},0,2021-06-16
917,56484,33778,得劲嗷,0,2021-06-16
918,55677,33706,100度的电池续航这么烂，性能也一般般，怎么会这么不合理？,0,2021-08-11
919,55222,33706,90多度的电池，这个续航真的说不过去{:捂脸:},0,2021-06-09
920,55205,33706,写得很棒！！！我冲！！！,0,2021-06-09
921,55198,33706,写得很详细，点个赞吧,0,2021-06-09
922,64607,33664,作为雪佛兰老车主，当畅巡上线时就非常关注这款电动车。从外观到内饰，从技术到配置都值得肯定。最重要的是价格亲民，续航没有夸大宣传，可以说从纯和真两方面都给出了雪佛兰的满满诚意。如果再追求个性化，甚至可以有迪士尼版可供选择。说的再多不如亲自感受，希望和我一样对新能源车感兴趣的小伙伴亲自去店里去细致感受，相信你会找到答案。,0,2021-07-14
923,59704,33664,作为一个资深的雪佛兰车主！我觉得这款雪佛兰的新能源畅巡是一款主打亲民的车型。不管是外观还是内饰都足够年轻漂亮！再加上410公里的续航里程，最后再加上十万出头就可以拥有的价格？花小钱办大事，它不香吗？这款雪佛兰畅巡值得拥有！,1,2021-06-23
924,59687,33664,新出行也有水军了？,0,2021-06-23
925,59621,33664,更重要的是配置和续航旅程真心不错！,1,2021-06-23
926,59619,33664,畅巡的外观不错，再加上迪士尼元素真心漂亮！,1,2021-06-23
927,59609,33664,畅巡质量不错哦,1,2021-06-23
928,59578,33664,上海车展目睹米奇魔法版雪佛兰畅巡，展厅里电池浸泡在水里，畅巡运动时尚的外观，4百多公里的超长续航能力，座椅放倒后的大空间。刷新了我对畅巡这款纯电动汽车的新认知。,1,2021-06-23
929,59539,33664,畅巡8年16万公里的质保，买车也没什么后顾之忧,0,2021-06-23
930,59519,33664,雪佛兰畅巡的轿跑型外观设计很具有时尚科技魅力，车身修长动感。座舱内科技配置也很符合年轻人的目光，出色的能耗和省心的后期保养成本是这款合资品牌轿车很突出的亮点。,1,2021-06-23
931,59514,33664,雪佛兰畅巡纯电续航性能表现的确不俗，三种能量回收模式可以选择，在不同路况下的驾驶平顺性和良好的NVH表现着实吸引人。,1,2021-06-23
932,55266,33630,我希望可以自定义自动门默认开启角度，不要一次开满，这样比较好,0,2021-06-09
933,55086,33630,001工程车的电动门体验还是一塌糊涂{:抽烟:},0,2021-06-09
934,55032,33630,坐等理想升级了,0,2021-06-09
935,54917,33630,高质量帖子。开关门逻辑应该都可以ota优化的。,0,2021-06-09
936,54882,33630,我开特斯拉Model X的时候，最喜欢的一个点是驾驶员去前门，车门感应到有钥匙的人靠近，会自动打开车门，并且是合理的角度，不用你去按。,1,2021-06-09
937,54871,33630,自动打开最大角度，雨天路边上车，车门内侧不易被丽伞遮挡，淋湿面可能不小。,0,2021-06-09
938,54855,33630,最好的方式是识别到障碍物或者有作用力之后自动变成手动模式，没有阻尼那种,0,2021-06-09
939,54848,33630,感谢分享，很详细，希望001量产的时候自动门能优化的更好,0,2021-06-08
940,54847,33630,这个阻尼真的致命，我怀疑我提车以后会有好多朋友练就一对麒麟臂,1,2021-06-08
941,51666,33093,"这个好评
其它社会车辆疑似要侵占你车道或压线的时候，理想的这套辅助驾驶系统也会做出向另一侧避让的动作。",0,2021-05-27
942,51625,33093,接管提示怎么那么像某鹏？,0,2021-05-27
943,51616,33093,高速工况后电机声音很大吗,0,2021-05-27
944,51604,33093,昨晚没等到。早上起来才看到。文章写得太详细了。等到了单位我再好好阅读，小白同学辛苦了呀！{:加油:}{:加油:}{:加油:},0,2021-05-27
945,51585,33093,熬夜看完，辛苦了{:眯眼看:},0,2021-05-27
946,51580,33093,语音有多命令一次执行，adas辅助驾驶转向灯拨杆可以完成变道后回正吗？,0,2021-05-27
947,51572,33093,我今天倒是特意找了条烂路试驾，我的感受是满意的。相对老款颠簸时悬挂拉不住车身，后排横向摆动过大，新款明显要好了很多。另外在过减速带时，新款的后排感受也要更好。,0,2021-05-27
948,51204,33015,原理没看懂，驾驶体验怎样？加速刹车参数？,0,2021-05-25
949,51197,33015,可惜后排还是个两人座，什么时候改成全平地板啊,0,2021-05-25
950,51178,33015,纠结001最大的点就在于，花了30万买了中高端新品牌，长的跟领克一模一样…,0,2021-05-25
951,51165,33015,有意思的是，新款车型油箱容积是35L，老款油箱容积是48L还是49L来着。有得有失，老款车电池大，油箱小，整体续航比不过老款，车重高，馈电状态下还不如老款。好处就是纯电里程上到了80km，如果日常总通勤距离在50km以上80km以下，那老款的纯电里程就不够了，新款就有价值了。,0,2021-05-25
952,51416,33014,大众的大众,0,2021-05-26
953,118972,32866,试驾了感觉加速一般般，不像电车，没有极氪和岚图快,0,2022-01-01
954,118476,32866,看了下理想和岚图。个人更喜欢岚图，有终生质保，还可以年前提车。,0,2021-12-31
955,64010,32866,定了2021绿色的，挺好看的,0,2021-07-11
956,51847,32866,21款电吸门也要付费啊？,0,2021-05-27
957,51333,32866,9折买2020款，值得么？,0,2021-05-26
958,51331,32866,最新一期42车评，特斯拉小鹏蔚来都能过魔鬼弯了。,0,2021-05-26
959,51315,32866,大灯亮度有增加么？,0,2021-05-25
960,51290,32866,这车完美契合我的需求，毫不犹豫下订单,0,2021-05-25
961,51289,32866,白老师写的太详细了！,0,2021-05-25
962,51273,32866,我超爱这个绿色，买入必须选择！,0,2021-05-25
963,50718,32798,买就买性价比高的车，这个还不错,0,2021-05-22
964,50200,32798,直接上顶配不用考虑，不知道那么大的唐DMI，中后段加速怎么样,1,2021-05-21
965,50189,32798,有点喜欢秦Plus DM-i了。,0,2021-05-20
966,50173,32798,确实挺不错的，喜欢这一代唐的外观,0,2021-05-20
967,50165,32798,"“还进一步优化了部分插电式混合动力车型油电切换不够平顺、亏电 NVH 表现不佳等诸多问题。”

-----------------这不都是说的是比亚迪自己吗？",0,2021-05-20
968,66996,32733,外观设计风格很好,0,2021-07-25
969,50073,32733,速度激情，挑战操控极限，MG的车果然不一样，高水平,0,2021-05-19
970,50072,32733,改装还得看MG，低趴姿势，有点像运动员起跑前准备的姿势，颜值出众,0,2021-05-19
971,50069,32733,车头看起来很有层次，整体外观造型和涂装太漂亮了,0,2021-05-19
972,50013,32733,酷,0,2021-05-19
973,49998,32733,看着高端,0,2021-05-19
974,49695,32649,名爵不改装，不如推下黄浦江，这车一步到位，算来算去给我省了不少钱，买车就要这样的,1,2021-05-17
975,49694,32649,啥时候上？大概多少钱，有人知道不,1,2021-05-17
976,49693,32649,"八角徽标，前脸太帅了，凶悍猛兽的形象出来了，适合年轻人开
",1,2021-05-17
977,49692,32649,"宽体造型、碳纤尾翼，还有半热熔轮胎，我好好研究一下，看看是什么黑科技
",1,2021-05-17
978,49691,32649,破百时间仅需6秒，这车这么强悍？动力呢，是2.0吗,1,2021-05-17
979,49668,32649,好,0,2021-05-17
980,49433,32649,性能车了,0,2021-05-15
981,50279,32648,感觉好多后端大神都没出来,0,2021-05-20
982,49475,32648,国内越来越多优秀企业,0,2021-05-15
983,49462,32648,整体表现还可以,0,2021-05-15
984,75796,32638,这个为啥辣么贵….,0,2021-09-07
985,66732,32638,acc需求还不大，但主动刹车，车道保持之类还是需要,0,2021-07-23
986,49989,32638,销量之前太过惨淡，希望后面好起来，车型也多一点选择,0,2021-05-19
987,49775,32638,标配只有定速巡航？？？？？劝退,0,2021-05-17
988,49602,32638,大家都说好，就是没人买,0,2021-05-16
989,49493,32638,极星我第一次看到的时候以为是小鹏,0,2021-05-16
990,49420,32638,看来看去还是001香,1,2021-05-15
991,49418,32638,极星2原来是轿车？我一直以为是轿跑SUV,1,2021-05-15
992,49388,32638,本来都准备要买极星2了，没想到极氪上了。。。难选,2,2021-05-16
993,49385,32638,这个车可以,1,2021-05-16
994,51258,32560,够到位！{:牛:},0,2021-05-25
995,51244,32560,0,0,2021-05-25
996,51207,32560,分析的也是非常全面了,0,2021-05-25
997,51170,32560,详细！有用！,0,2021-05-25
998,51160,32560,专业给力，不偏见！！！,1,2021-05-25
999,51125,32560,文章真长啊,0,2021-05-24
1000,51109,32560,续航测试的高速部分总里程太短了，会放大误差比例。如果能再跑长一些，结果会更精确。,0,2021-05-24
1001,51070,32560,我个人认为，对于不太了解新能源的用户，AION V是一个比几何C更好的选择，AION Y也不错。,0,2021-05-24
1002,51068,32560,写的好全面,0,2021-05-24
1003,51060,32560,这不就是GSe换个标嘛……{:担忧:},0,2021-05-24
1004,51501,32493,要点脸吧……看起来ID4的辅助驾驶就是养了个爹啊，各种突发情况都要自己去接管。所以是人的参与变多了更人性化吗？,1,2021-05-27
1005,51434,32493,没明白您说的 “NOA 自动变道即使关闭了「变道确认」功能，在 NOA 状态下变道绝大部分依然是需要转动方向盘来确认是否变道”是什么意思？,0,2021-05-27
1006,51372,32493,不说特斯拉有多好，但是这有可比性吗？自动变道和人为变道差着代差呢！,0,2021-05-26
1007,51361,32493,这样看来，新势力标榜的智能驾驶现阶段连大众都比不过。,0,2021-05-27
1008,51347,32493,大众ID4 crozz辅助驾驶芯片用的也是Mobileye的EyeQ4吗,0,2021-05-26
1009,51239,32493,传统车企转型太慢了,0,2021-05-25
1010,48533,32304,还有一个疑惑，摩卡用的是Mobileye的EyeQ4芯片，真的能满足3颗激光雷达的算力要求吗？我在想摩卡的激光雷达版本是不是采用了高通的自动驾驶芯片，能达到500tops算力左右,0,2021-05-11
1011,48532,32304,华为那个表格里自动驾驶芯片应该是MDC810平台或者昇腾310，巴龙只是一个5g芯片，不算自动驾驶芯片,0,2021-05-11
1012,48521,32304,既然国产车厂都将激光雷达作为风向标，那么不搭载激光雷达的智能汽车可能会在未来的OTA中被抛弃，比如现在P7、ES6、EC6等等。反倒是Model 3可能会因特斯拉对视觉方案的执着，而一直不断进化。,1,2021-05-11
1013,48517,32304,激光雷达还是香,0,2021-05-11
1014,48510,32304,好文,0,2021-05-11
1015,50161,31998,一汽大众永远的神，二十万不到的售价做到这样还想啥呢,0,2021-05-21
1016,50160,31998,"特斯拉的冷汗指数是意味着这些最近的特斯拉事故频发是有原因的吗
",0,2021-05-19
1017,50157,31998,特斯拉自动驾驶这个方向真的领先其他人太多了,0,2021-05-19
1018,50154,31998,图片有点帅，配文也真实到位,0,2021-05-19
1019,50152,31998,图太好看了，影响我阅读,0,2021-05-19
1020,50118,31998,现阶段还是比较认可id4人机共驾的理念，就是自动辅助硬件配置能高一点就好了,0,2021-05-19
1021,50090,31998,冲鸭。看看带着鼓刹的id4会不会刹车失灵,0,2021-05-19
1022,50064,31998,请问ID4的三车道扩展识别，怎么实现？,0,2021-05-19
1023,50062,31998,城市路况L2级别的ACC+车道保持是目前最常用的场景了，这么看，大众这套方案性价比还是很6的，供应商强大的研发能力哈哈,0,2021-05-19
1024,50051,31998,先顶贴再慢慢细读,0,2021-05-19
1025,61621,31984,市区交流桩也挺多的,0,2021-06-30
1026,46025,31984,反而充电成了老大难,0,2021-04-28
1027,45765,31984,这个车能用7kw的充电枪吗？,0,2021-04-27
1028,45685,31984,这款有空调滤么？之前版本没空气滤啊,0,2021-04-27
1029,51775,31977,问一下，车尾有毫米波雷达吗？是不是就只有车头有啊,0,2021-05-27
1030,49212,31977,操控需要下功夫，关乎到安全,0,2021-05-14
1031,46392,31977,??10???????PLUS EV??????????????????????????????????,0,2021-04-29
1032,46391,31977,????????????????????????????????????????????,0,2021-04-29
1033,46221,31977,真香,0,2021-04-28
1034,46207,31977,辅助驾驶是短板吧,0,2021-04-28
1035,46148,31977,家里第二辆车，想开个电的。前几天刚定了这个，后天提车，期待中~,0,2021-04-28
1036,46135,31977,要出新车了，总体看下来感觉还是可以的，我现在比较期待 ,1,2021-04-28
1037,46112,31977,备胎位置那个电线走位太缥缈，好歹拿个隔板挡一下。出一个爆款不难，难得是连着出2款，爆款，哎。。。那个秦plus 也是 仪表盘太糙了，太糙了。,0,2021-04-28
1038,45961,31977,价格相对dmi，完全无优势！！市区都用电，dmi高速还方便甚至费用还比ev省。dmi就多了个发动机保养,0,2021-04-28
1039,47980,31969,续航真实度排名里面竟然没有几何 C,0,2021-08-23
1040,47907,31969,主要是他们还有燃油帝国，所以对电车没那么积极。,0,2021-05-07
1041,47853,31969,传统主机厂还是需要把智能化做好，包括车机和客户端，不光是功能上的流畅与便利，还有UI/UE 的互联网化。新势力的界面就真的很舒服，大众的就很大众,0,2021-05-07
1042,47696,31969,传统车做工没得说，差在系统上，但是，现阶段都是L2级别的辅助驾驶，更愿意选择这种做工好，舒适度好，续航也不差的车,0,2021-05-06
1043,47674,31969,还是喜欢德味做工,0,2021-05-06
1044,47614,31969,"真不知为何，大众ID4这种车就算非常多人买，但貌似也没啥人愿意聊聊它。。。那边厢极氪001，就一个根本没交付定型的车机，都能吸引动则上百字的连篇评论 。。。这是为啥子捏！！
可能买了大众的人买到车标后就老老实实开完事儿了！",0,2021-05-06
1045,47988,31953,就ID4而言，后轮鼓刹，怎么成为爆款？,0,2021-05-07
1046,46733,31953,有前备箱吗？没有的话没戏(˶‾᷄ ⁻̫ ‾᷅˵),0,2021-05-01
1047,46522,31953,如果不爆火，他自己就要爆了。投资这么大,0,2021-04-29
1048,46439,31953,a柱结实不,0,2021-04-29
1049,46393,31953,有机会了，也想去厂子里看看,0,2021-04-29
1050,46381,31953,因为德系车呀。舔狗们最爱,0,2021-04-29
1051,46375,31953,“我们”是谁🤣,0,2021-04-29
1052,46798,31878,买这个就不如买几何c啦,0,2021-05-02
1053,45166,31878,我还是注重续航，这个价格也可以的,0,2021-04-25
1054,45090,31878,这种车的感觉就是和油车没啥大的区别，虽然性价比不错，但没有特别大的吸引点,0,2021-04-25
1055,45088,31878,"这车试驾过顶配，体验不大好。
1、屏幕太多，容易分散驾驶员注意力，透明A柱很鸡肋，晚上就用不了了。
2、后排试坐时，过减速带底盘比较颠，平路还好
3、语音功能没想象那么好用
4、开着导航，低速一打转弯灯，360影像就出来了，导航就没了，要等转向灯没了，导航才会重新出现",0,2021-04-27
1056,45070,31878,很详细的报告。,0,2021-04-25
1057,45055,31878,性价比不错，辅助驾驶拉跨了不少,0,2021-04-25
1058,45052,31878,底盘感受和NVH如何？,0,2021-04-25
1059,67942,31828,评测的太详细专业了，新出行的编辑水平高出传统媒体一大截{:加电:}{:加电:},0,2021-07-30
1060,50287,31828,自己开的X3 选装的满配辅助驾驶，说实话做的还不错，钱花的值。,0,2021-05-20
1061,50226,31828,酷,0,2021-05-20
1062,49340,31828,ix3开启状态在hud上一目了然,0,2021-05-14
1063,49300,31828,看完了，传统车还是落后一点，但是也能看出某些地方还是有亮点的,0,2021-05-14
1064,49048,31828,期待eqs的辅助驾驶评测,0,2021-05-13
1065,49044,31828,奔驰不显山不露水就搞了这么多技术，传统豪华车还是有点东西,0,2021-05-13
1066,49036,31828,宝马奔驰实力在线，那个打灯变道确实挺实用的,0,2021-05-13
1067,49034,31828,三辆车都各有优缺点。 评测非常详细{:眯眼看:} 认真看完。应该还是会选奔驰，整体综合性能个人认为是最好的！,0,2021-05-13
1068,49033,31828,传统豪华品牌在辅助驾驶系统方面发力之后，其实力还是不容小觑,0,2021-05-13
1069,44428,31687,现代。。。感觉啥也不是啊,0,2021-04-19
1070,59504,31683,侧脸好像有点p7的味道是怎么回事哈,0,2021-06-23
1071,44431,31683,看着样子还不错,0,2021-04-19
1072,44430,31683,哪咤抓紧吧。跑滴滴都不用哪吒,0,2021-04-19
1073,44421,31683,换成小鹏logo好像也没什么违和感,0,2021-04-19
1074,46799,31679,这个前脸不好看,0,2021-05-01
1075,44436,31679,2021年是比亚迪插混大年，2022年是纯电大年,2,2021-04-19
1076,44415,31679,这车肯定大卖，相信常识。,1,2021-04-19
1077,44409,31679,看效果图logo外面那半圈以为是灯带呢，不能亮的吗,0,2021-04-19
1078,44397,31679,屁股好看，logo又大又土,0,2021-04-19
1079,44396,31679,像飞度一样,0,2021-04-19
1080,44393,31679,侧滑门没保留,0,2021-04-19
1081,44385,31679,啊。不能看车内空间？,0,2021-04-19
1082,44626,31667,我想问这种敞篷车还有行李箱空间吗？,0,2021-04-21
1083,44503,31667,这车真不错，代步太好了如果续航能达到300，并且支持快充的话，非常适合城市代步,0,2021-04-21
1084,44482,31667,安全配置呢？,0,2021-04-21
1085,44413,31656,价格什么时候出来？,0,2021-04-19
1086,44360,31656,后排中间还有鼓包吗？,0,2021-04-19
1087,49967,31631,在操作方便性上，小鹏的全场景语音系统目前暂无敌手,0,2021-05-18
1088,45180,31631,在燃油车里很强了,0,2021-04-25
1089,44271,31631,60KM以上才可以开启吗,0,2021-04-18
1090,44237,31631,都在进步啊,0,2021-04-18
1091,44184,31631,空调触控不太方便。要么就是语音智能一点。不然就有点难受了,1,2021-04-18
1092,44157,31631,渣渣比亚迪越来月落伍了,2,2021-04-18
1093,44145,31631,长城的也是可以的！,1,2021-04-17
1094,44141,31631,再一个基于ME EyeQ4的方案，下面还是要看带激光雷达的,1,2021-04-17
1095,44133,31631,哇哦可以的,1,2021-04-17
1096,44078,31613,东风真心不咋样。,0,2021-04-17
1097,44045,31613,续航能力呢？,0,2021-04-17
1098,44044,31613,这小车也不错,0,2021-04-17
1099,45784,31602,屏幕越来越大，越来越多，既耗电又增加安全隐患，应该引起注意了。,0,2021-04-27
1100,44063,31602,也太丑了，华为后面可以和极氪合作合作啊,1,2021-04-17
1101,44062,31602,华为说干就干这么快,0,2021-04-17
1102,44050,31602,确实不太好看，就看价格了,0,2021-04-17
1103,44026,31602,只有我觉得这车丑哭了吗,1,2021-04-17
1104,44020,31602,这个车在华为全家桶的加持下还是非常有潜力，前提是价格一定要定好，一定要有性价比，才能一炮而红,0,2021-04-17
1105,44005,31602,不知道高端版价格几何,0,2021-04-17
1106,43999,31602,"激光雷达放在前唇上，对于日常剐蹭确实太不友好了{:捂脸:}

相比之下还是顶上放一个大的在可维护性上更具优势",1,2021-04-17
1107,43994,31602,侧面激光雷达是突出的？……,1,2021-04-16
1108,44318,31586,后排地板平吗？,0,2021-04-19
1109,44001,31586,陡然发现没说送不送充电桩啊,0,2021-04-17
1110,43953,31586,"12 月 31 日 前锁单享受免费充电（只有you车型才有）光蓝配色、21 英寸大轮毂以及终身免费充电。

这句话写的有问题吧",0,2021-04-16
1111,43951,31586,ui界面特斯拉风 小程序蔚来风 整体运营体系也是蔚来风格 要是有自己的独创就好了,0,2021-04-17
1112,43940,31586,UI界面是不是抄袭的过于直白了？,0,2021-04-16
1113,43916,31586,明年还会出新车型是吧，那就继续观望了,0,2021-04-16
1114,43913,31586,选装绝了,0,2021-04-16
1115,43912,31586,请问，极氪直营模式下，是否需要招兵买马？小弟地处东莞，毛遂自荐一下{:微笑:},0,2021-04-16
1116,43907,31586,不错，标配也很够用,0,2021-04-16
1117,43906,31586,选装完喜欢的也不少钱啊,0,2021-04-16
1118,43995,31579,价格有点高,0,2021-04-16
1119,43938,31579,铭阳老师这次居然有小姐姐模特,0,2021-04-16
1120,43937,31579,弄个粉色。贴个兔耳朵。我的妈呀,0,2021-04-16
1121,43931,31579,哈哈，汉家族前脸,0,2021-04-16
1122,43704,31525,扫码添加，回复“P5”，加入「新出行-小鹏P5交流群」，与更多车企大佬、工程师、媒体编辑一起交流。,0,2021-04-14
1123,43919,31525,看到最详细的解读了,0,2021-04-16
1124,43808,31525,这颜色好难看，还主打,0,2021-04-15
1125,43748,31525,P5的外观真心不好看，但城市NGP和8155芯片是真香,0,2021-04-15
1126,43742,31525,香氛系统还行吧！来两辆先玩,0,2021-04-15
1127,43727,31525,这颜色，这外观，城乡结合部的风格啊,1,2021-04-14
1128,43720,31525,外形不好看,0,2021-04-14
1129,43714,31525,仔细拜读了，厉害厉害厉害,0,2021-04-14
1130,43712,31525,门把手是伸缩还是侧弹,0,2021-04-14
1131,43711,31525,风阻0.233，写错了,0,2021-04-14
1132,44468,31506,驾驶舱还需要再细化设计。前灯估计是有个可以滑动的灯盖？可拆卸式电池仓量产换成硬顶或者软顶装置,0,2021-04-20
1133,44465,31506,锐腾车主报道，关注ing,0,2021-04-20
1134,43648,31506,这车真的很酷哦！人见人爱,0,2021-04-14
1135,43627,31506,半夜的酒吧，灵魂的归处,0,2021-04-14
1136,43592,31506,续航，动力？,0,2021-04-14
1137,43486,31506,说下价格 让我死心,0,2021-04-13
1138,43484,31506,非常好，想买的冲动,0,2021-04-13
1139,43479,31506,这设计我这年纪的人看了都喜欢，开出去肯定很拉风。,0,2021-04-13
1140,43471,31506,又是暴力又是浪漫，可以啊很吸引我这95后,0,2021-04-13
1141,43469,31506,MG和电竞融合的产物，除了潮，不知道我还能说啥，我就等着看车了,0,2021-04-13
1142,43811,31499,最后一句是“如果我们不自毁别人就会自毁”吗（狗头）,0,2021-04-15
1143,43777,31499,谐音梗玩一波：踏墨黑…真踏墨黑……,0,2021-04-15
1144,43764,31499,详细报道来了,0,2021-04-15
1145,50712,31401,我看看,0,2021-05-22
1146,45783,31401,另外电耗不容小觑,0,2021-04-27
1147,45782,31401,巨型连屏有重大安全隐患，如果发生碰撞可能会伤害到车内人员。,0,2021-04-27
1148,44566,31401,承诺的后期升级激光雷达，看展车的雷达在车顶，想不到怎么升级？感觉有难度。,0,2021-04-21
1149,44553,31401,扶手箱前面的这块屏感觉好不协调，就控制个空调，搞这么大，连基本的杯架都没有了，为了屏幕而屏幕,0,2021-04-21
1150,43609,31401,样子是特别得别致,0,2021-04-14
1151,43606,31401,重量应该会轻不少电耗也会降低，,1,2021-04-14
1152,43492,31401,车是不错，就看价格了,0,2021-04-13
1153,43375,31401,对智己的L7无线充电很感兴趣,0,2021-04-12
1154,43042,31401,全方位碰瓷ET7的产品，亮点可以说是天花乱坠，感觉比较虚啊，就看看市场买不买涨了,0,2021-04-10
1155,43616,31388,这次的联名款很帅呀,0,2021-04-14
1156,42837,31388,不错不错,0,2021-04-09
1157,42743,31388,学习了,0,2021-04-09
1158,44467,31317,MG绝对可以造出来，不知道是硬顶还是软顶？尾灯还保留了一丝英伦风范。邵景峰真是国内一流设计师！,0,2021-04-20
1159,42867,31317,真赛博朋克！,0,2021-04-09
1160,42853,31317,就看量产了,0,2021-04-09
1161,42850,31317,问题是这车20万你敢信？？？😂,0,2021-04-09
1162,42836,31317,概念林志玲，量产罗玉凤,0,2021-04-09
1163,42832,31317,颜值爆赞，内里科技，你还有啥我不知道的惊喜？爷青回{:眯眼看:},4,2021-04-09
1164,42830,31317,芜湖～800公里续航、3秒破百和5G互联，虽然不懂，但是感觉科技感十足,5,2021-04-09
1165,42829,31317,汽车界的玩家里头，MG绝对名列前茅，到底是真的会玩。我觉得纯电车型如果续航能力不错的话，还是可以考虑入手一辆的。,5,2021-04-09
1166,42827,31317,"零重力运动座椅，有点按摩椅的意思，一边开车一边按摩这就太爽了，舒适度直线上升
",6,2021-04-09
1167,42826,31317,"高能浪漫与赛博元素，确实碰撞出了不一样的火花，MG很会玩儿
",6,2021-04-09
1168,42639,31311,都卖的不多,0,2021-04-08
1169,42588,31311,什么多连杆，不写五连杆剩下都是筷子悬架！,0,2021-04-07
1170,42554,31311,这只手是亮点,0,2021-04-08
1171,42500,31311,🌚有人想看动态体验吗，毕竟要开起来,0,2021-04-07
1172,42499,31311,哇 感觉哪吒U Pro更值得买,0,2021-04-07
1173,43473,31310,这个嵌入的仪表还真是一言难尽,0,2021-04-13
1174,42525,31310,"加入「新出行-秦PLUS EV交流群」，与更多车企大佬、工程师、媒体编辑一起交流。   
",0,2021-04-07
1175,42520,31310,哈哈,0,2021-04-07
1176,42272,31310,是不是仪表盘还不如改之前香😏,1,2021-04-06
1177,42271,31310,这仪表还不如原来的，中控内饰感觉很容易刮花,1,2021-04-06
1178,42269,31310,500续航的100Kw，动力堪忧啊,0,2021-04-06
1179,42260,31310,从这个图可以看出5款车型会不会是：秦plus ev，元pro ev，宋plus ev，唐ev，再加一个e2,0,2021-04-06
1180,42255,31310,坐等骂仪表盘的喷子正在赶来,1,2021-04-07
1181,42249,31310,不错呀！第一手新鲜资讯😁 ,0,2021-04-06
1182,42247,31310,新出行的文章真的就是快！不错，第一次看到这个仪表的图,1,2021-04-06
1183,43295,31209,很用心分享，不错。,0,2021-04-11
1184,43147,31209,结合价位感觉是乏善可陈。,0,2021-04-10
1185,42020,31209,很用心的分享，车是好车，就怕后续跟不上,0,2021-04-04
1186,41895,31209,不错，不过买不起。,0,2021-04-03
1187,41698,31209,我竟然看完了....,0,2021-04-02
1188,87661,31117,我家里的21款理想辅助驾驶确实没有另一台大众辅助驾驶好用，大众的用着踏实,0,2021-10-24
1189,45839,31117,请教一下大众的adas是谁做的啊,0,2021-04-29
1190,45763,31117,现阶段不吹自动驾驶，做好L2也是很实用啊,0,2021-04-27
1191,45761,31117,呵呵呵。很不错。有点意思！,0,2021-04-27
1192,45756,31117,能正常使用就好,0,2021-04-27
1193,41275,31040,和宋dmi的技术路线几乎一样！电机的功率都一样！贵十几万！不值！本田还不是宝马奔驰！牌子没那么值钱,1,2021-03-30
1194,41222,31040,比宋plusDMi贵了十几万,0,2021-03-30
1195,41153,31040,跟宋plus dmi没得比,1,2021-03-30
1196,41141,31040,26L油箱。当然趋近于纯电了。。。,0,2021-03-30
1197,41137,31040,油耗数据呢,0,2021-03-30
1198,41071,31040,详细说一说,0,2021-03-29
1199,41060,31040,安全性怎样？和宋  es6 比,0,2021-03-29
1200,99445,30876,感觉像是博泰做的,0,2021-11-22
1201,41218,30876,我就是aion v的车主，车机怎么说呢，用是还算实用，就是界面设计太土了，好像几年前的产品设计,0,2021-03-30
1202,41014,30876,不得不说广汽的UI界面做的很高级,0,2021-03-29
1203,40997,30876,很专业。,0,2021-03-29
1204,40923,30876,厉害,0,2021-03-29
1205,39841,30832,扶手箱里面有空调出风口嘛？感觉宋的杯架很适合有一个出风口对着吹...另外110KM版也没有车内的220V插头了吗？,0,2021-03-23
1206,39744,30832,这个更好点，还是喜欢SUV,0,2021-03-23
1207,39721,30832,外观设计还挺时尚，线条也比较吸引人,0,2021-03-23
1208,39719,30832,相对于小车我还是喜欢小点的车,0,2021-03-23
1209,39704,30832,"迪厂的车型外观设计越来越好，DMI车型应该能卖不错
",0,2021-03-23
1210,39680,30832,挺漂亮的,0,2021-03-22
1211,39613,30832,别再用夸张的大嘴了，真没设计感。内饰还是要更新一些，都像套娃。,0,2021-03-22
1212,39560,30832,非常详细,0,2021-03-22
1213,39558,30832,视频版说车机是用的8155，文章里面说采用汉相同的芯片，汉是用的8155吗？是不是有哪里出错了😵,1,2021-03-26
1214,39530,30832,片电池冷媒直冷技术很不错，相信宋PLUS DM-i能够带给我们不一样的体验,0,2021-03-22
1215,50453,30757,一个在技术、配置、价格、空间上全面碾压model3的竞品，每月销量还不如model3的零头，难道中国人都是跪族？还只是媒体不愿意讲真话？,0,2021-05-21
1216,40468,30757,"特斯拉其实最大的问题是研究自动驾驶的部门在加州，针对体验性的问题反应时间会非常非常长。2年前就推出的NOA，到目前有多少次针对本地化路况的调整和改进？？
本地化这一点不解决，用起来肯定体验不好。",0,2021-03-25
1217,40436,30757,这才叫深度测试。拿生命安全做的测试。很专业,0,2021-03-25
1218,40385,30757,小编们辛苦啦，如此深度的体验才是新出行的性格，虽然希望以后这种大作能频出，但还是给作者团队提个要求，驾驶过程一定注意安全，安全第一，敬上~,0,2021-03-25
1219,40278,30757,深度好文，牛🐮,0,2021-03-24
1220,40209,30757,很详尽的分析，谢谢,0,2021-03-24
1221,40208,30757,新出行出品细节就吊打太多媒体了，斜列式雪糕筒场景示意图是自己全新画的，车上还有新出行LOGO,1,2021-03-24
1222,40207,30757,新出行的文章质量是真的高,0,2021-03-24
1223,40203,30757,太不容易了，这2000多公里可太辛苦了,0,2021-03-24
1224,40202,30757,ngp过隧道目前还有个bug: 不管隧道限速是100还是120， 一律强制降速为80，而且无法手动调高速度。 一般遇到限速高的隧道，我都要先接管。,0,2021-03-24
1225,40230,30693,其实就是换了个壳，对吧~,0,2021-03-24
1226,40091,30693,"文章内容太好了，正需要这个对比，看完就知道还是更喜欢X
",0,2021-03-24
1227,39561,30693,后尾箱挺大的，几个朋友去旅行，装行李问题不大,0,2021-03-22
1228,39473,30693,不看好,0,2021-03-22
1229,39470,30693,鼓刹鼓刹,0,2021-03-22
1230,39449,30693,先点赞后细看！,0,2021-03-22
1231,44917,30673,真全面！,0,2021-04-24
1232,44592,30673,汉泊车做的还可以,0,2021-04-21
1233,44591,30673,好像汉的泊车很厉害啊,0,2021-04-21
1234,41995,30667,"支持OTA升级吗
",0,2021-04-04
1235,38744,30667,值得信赖,0,2021-03-18
1236,38719,30667,这么好的测试数据，咋没显示在车系里面,0,2021-03-18
1237,38391,30667,详细，不过感觉没什么特别的地方,0,2021-03-16
1238,38319,30667,车机语音交互部分，官方介绍是支持部分词免唤醒的，连续语音也支持啊,1,2021-03-16
1239,38299,30667,这个能用手机当钥匙吗？,0,2021-03-16
1240,38283,30667,跟停自动再起步3s  不知道汉几秒,0,2021-03-16
1241,38280,30667,针不戳！,0,2021-03-16
1242,38271,30667,测评非常棒，数据详细，靠谱！,0,2021-03-16
1243,38267,30667,确实很不错的文章！,0,2021-03-16
1244,40424,30654,问个问题啊，aion v的测试高速跑110，为什么id4同一条高速就跑了120呢。续航600的aion v跑了100公里高速，续航550的id4跑了140公里高速，30%高速的标准是什么？,0,2021-03-25
1245,38630,30654,"一直在新出行看帖觉得挺不错的，但是今天看到这个续航测评真忍不住了，特注册来说两句
广汽的充值也太明显了吧？
电池电量就那点，还都是百分之80以上，甚至2款都快到90了
你们都是广东的，也难怪，不过群众的眼睛是雪亮的，这样测评只会影响你们自己的可信度
肺腑之言，你们好自为之吧",0,2021-03-17
1246,38275,30654,87%这么高,0,2021-03-16
1247,38268,30654,续航测试表数据是不是有点问题，高速阶段的时速只有40多，还是说就是这样的测试速度？,0,2021-03-16
1248,38257,30654,厉害,0,2021-03-16
1249,38233,30654,专业,0,2021-03-16
1250,38227,30654,厉害了大众,0,2021-03-16
1251,40650,30347,价格偏高了,0,2021-03-26
1252,37077,30347,这个车感觉内饰塑料感太强了,0,2021-03-06
1253,37028,30347,用惯了怀档，看到这个档杆就感觉费事儿,0,2021-03-06
1254,37015,30347,还是有marvel x的影子，不过这个价格还是不错的,0,2021-03-06
1255,37007,30347,买,0,2021-03-05
1256,36979,30347,终于有试驾了,0,2021-03-05
1257,36945,30347,我个人觉的对于想要入手一辆新能源电车的我来说MARVEL-R绝对是一个很好的选择,1,2021-03-05
1258,36944,30347,"现在是上牌难，有了牌照上路还限号，买辆电动的它不香吗？科技料给的还这么足
",1,2021-03-05
1259,36943,30347,不知道我们这店里有没有实车，光看网上看不过瘾呀，这个价格不是问题，就想看实车,1,2021-03-05
1260,36942,30347,"本人在北京工作，现在限行越来越严格，再加上上牌难，看到MARVEL-R，还是很心动的
",1,2021-03-05
1261,39980,30202,先驱者有点过了,0,2021-03-23
1262,39930,30202,给我一个不选C11的理由，交付比C11早就别说了,1,2021-04-12
1263,39737,30202,自动泊车是好东西,0,2021-03-23
1264,39559,30202,第一次听威马,0,2021-03-22
1265,39492,30202,"另外，该车将率先搭载全球首个“阿波罗云端无人泊车系统 ”（Apollo Cloud AVP），具备特定场景下 L4 级别自动驾驶能力。

泊车就泊车，别说自动驾驶，威马就喜欢虚假宣传",0,2021-03-22
1266,39463,30202,看起来这个车不错，前脸设计貌似看到一点蔚来的味道,0,2021-03-22
1267,39458,30202,看看,0,2021-03-22
1268,33104,29390,语音控制功能，我相信会很快升级的。,0,2021-01-27
1269,33003,29390,希望可以像特斯拉一样官方音乐应用，切换音乐源,0,2021-01-27
1270,32984,29390,QQ音乐能下载已经很厉害了，毕竟腾讯和阿里不对付,0,2021-01-27
1271,32976,29390,👍🏻,0,2021-01-27
1272,32966,29390,希望后续更新改进,0,2021-01-27
1273,32958,29390,真的就是普通安卓车机版的水平。QQ音乐车机版已经1年多没更新了。,1,2021-01-27
1274,32951,29390,哈哈哈 比亚迪可以说 下一首控制QQ音乐,0,2021-01-27
1275,32925,29390,G3车主小声哔哔🤐,2,2021-01-27
1276,32905,29136,受不了威马电机声,0,2021-02-18
1277,32576,29136,还没到一公里,0,2021-01-23
1278,32354,29136,啥时候来的黄冈呀  我家离这星晖挺近的   说实话这外观一般  内饰比之前的要好  就是被之前的内饰劝退的,0,2021-01-22
1279,32189,29136,百度的技术沉淀还是厉害的,0,2021-01-22
1280,32059,29136,如果入库出库的线路上有障碍物会改道路绕过去？,0,2021-01-20
1281,31944,29136,"自主入库必须人在车上，这个功能的场景没想到特别必然的。
自主出库场景刚需，像特斯拉自动召唤，但保存很多路线比较麻烦，如果路线按错了会如何？",0,2021-01-19
1282,31938,29136,感觉这个内饰比之前的EX系列要好上不少，更有整体性。这种最后一公里的泊车，在现阶段，还是实验性比实用性更大。,0,2021-01-19
1283,34639,29133,一直觉得MG这个logo配这个前脸很不搭,0,2021-02-08
1284,31889,29133,喜欢的话就自己去试驾呗，我开着底盘质感还不错，动力也可以了，主要是上绿牌不限号比较省心,0,2021-01-19
1285,31888,29133,"我刚看有人说2月10号订车有3000元购车红包，是真的么?
",0,2021-02-20
1286,31887,29133,"没有购置锐，不用担心上牌，北上广车主福利
",0,2021-02-20
1287,31886,29133,比较喜欢名爵新出那个渐变色，新能源有么,0,2021-02-20
1288,31885,29133,听说这车电池是终身质保的？,0,2021-02-20
1289,31858,29133,深度好文！赞！,0,2021-01-19
1290,31839,29133,前脸真丑,0,2021-01-18
1291,31834,29133,前脸霸气,0,2021-01-18
1292,31830,29133,吃了果冻，喝了脉动，还是对这个车心动,0,2021-02-20
1293,31780,28983,优秀,0,2021-01-18
1294,31773,28983,"第一，这台车是用的纵置燃油平台MLB魔改过来，整车质量很重；

第二，95度电池包锁定了很大比例，实际可用电量只有80度出头，算起来16.x kwh/100km能耗并不高； 

第三，这台车技术定型的时间很早，前后都是异步电机，效率较低； 

第四，265的宽胎+22寸的大轮毂也不利于能耗表现。

总的来说，除了智能方面表现不佳以外，作为“车”，这款产品的各方面其实非常优秀，就是续航短了点儿。如果能放在中国重新开发，跟上中国供应链的高效迭代，用NCM523 无模组设计，续航600+没问题。",0,2021-01-18
1295,31758,28983,一个只有230千瓦的，还是95度电池包的续航只有500公里？村里刚通电吗？,0,2021-01-18
1296,32700,28979,这车牛逼 比亚迪太强大了,1,2021-01-25
1297,31775,28979,这个是前电机？,0,2021-01-18
1298,31644,28979,纠结宋还是唐,0,2021-01-25
1299,31574,28979,今天在深圳看到无伪装路试了,0,2021-01-15
1300,31508,28979,你这文章槽点太多,0,2021-01-15
1301,31505,28979,没视频吗？,0,2021-01-15
1302,31500,28979,似乎没有通风加热,0,2021-01-15
1303,31491,28979,百公里加速写错了,1,2021-01-15
1304,31489,28979,挺好看的这车,0,2021-01-15
1305,31481,28979,顶配订单+1,2,2021-01-15
1306,31462,28840,求问4个环视摄像头也是800w的吗？这样能耗有点高啊。要做高清360的话200w也够了吧,0,2021-01-15
1307,30813,28840,没有前备箱，副驾驶手套箱，后排座椅不可折叠，空间应用性差一些。有些可惜，其他配置真的是顶爆了。,0,2021-01-12
1308,30532,28840,真够快速和详细的，辛苦了～,0,2021-01-10
1309,30522,28840,"Great Report,, thanks",0,2021-01-10
1310,30516,28840,轮胎说错了 展车是21寸的马牌sc6 不是mc6 差了一个级别,0,2021-01-10
1311,30513,28840,打的是宝马5系啊,0,2021-01-10
1312,30500,28840,理想搭载………有错别字哦,0,2021-01-10
1313,30092,28632,不错不错,0,2021-01-06
1314,30295,28589,老ES8是不是没有热泵,0,2021-01-08
1315,29748,28589,新出行冬季魔鬼续航测评不容，我一字不漏的把这篇文章看完也不容呀！看完之后有一种身临其境的感觉。,0,2021-01-03
1316,29680,28589,辛苦了，很有价值,0,2021-02-20
1317,29527,28589,普通车载压缩机（热泵）制热的室外工作温度应该在零下10度以上。所以，北方城市的热泵制热纯电车应同时配备PTC作为电辅热，并且当室外温度低于零下15度时，改为纯PTC制热。等格力那个双级压缩机应用后，再测试下实际低于零下10度的热泵制热效率吧,1,2021-01-01
1318,29493,28589,"蔚来、          100、500、353
极狐阿尔法、93、470、340
小鹏、          81、400、359-
广汽埃安、   80、400、308
比亚迪汉、   77、380、355-
宝马、          74、370、295
特斯拉、      54、270、267

1、品牌、电池、我的心理续航、你们的趴窝续航
2、对比下来，还是汉和小P性价比最好。",1,2020-12-31
1319,29471,28589,这才是新出行的使命，公正客观的评测，大家都喜欢看，而不是天天吹蓝图领跑,0,2021-01-02
1320,29464,28589,很好的测试，心里有底了！,0,2020-12-31
1321,29451,28589,支持实际数据来展示，大家辛苦,0,2021-02-20
1322,29445,28589,比亚迪汉刀片电池在低温下表现超过三元电池，说明比亚迪在电池领域，新能源汽车技术上的积累不是吹出来的，这是有真功夫的。新能源百花齐放受益的是消费者，有一直默默坚守深耕的企业更是国之大幸！感谢新出行客观公正的评测！,0,2020-12-31
1323,29432,28589,海拔高度变化多少？,0,2021-02-20
1324,27532,28230,这导航在广州应该很好用，一条高架桥底下有3-5个出口，看着导航都能走错路那种,0,2020-12-11
1325,27484,28230,希望快点普及到车机,0,2020-12-10
1326,27479,28230,只有深圳能用，且只有华为的几款手机支持吗？为什么呢？,0,2020-12-10
1327,28864,28204,威马定位低端？除了智能这一套，其他都不行啊,0,2020-12-27
1328,27485,28204,多点国产新势力冲击智能互联驾驶是好事,0,2020-12-10
1329,27480,28204,6个摄像头吧？4个360，2个adas,0,2020-12-10
1330,27434,28204,用8155的，还算不错，车机有期待,0,2020-12-09
1331,27431,28204,续航太短了吧，怎么也得过650吧。否则说让天也没有用啊！,0,2020-12-09
1332,27428,28204,期待威马这款新车，希望上市后，自动辅助驾驶的真实表现能有亮眼的表现,0,2020-12-09
